ticker,company,announcement_date,announcement_title,source_url,technical_evidence_status,technical_field_count,mineralogy,metallurgical_testwork,recovery_pct,concentrate_grade_pct,resource_category,study_stage,treo_grade_pct,resource_tonnage_mt,contained_treo_tonnes,contained_ndpr_tonnes,ndpr_pct_of_treo,impurity_profile,thorium_ppm,uranium_ppm,capex,opex,processing_depth,source_name,confidence,notes,last_verified
80M,80 Mile,11th May 2026 7:00 am,Drilling Approved for Disko Exploration Programme,https://www.lse.co.uk/rns/80M/drilling-approved-for-disko-exploration-programme-2reicksde7xkxc3.html,structured_fields_extracted,4,,True,,,Reserve,PEA,,117.0,,,,,,,,,,London South East RNS mirror,Medium,RNS metallurgical testwork found; RNS resource tonnage found; RNS resource confidence found: Reserve; RNS study stage found: PEA,2026-05-17
80M,80 Mile,27th Mar 2026 10:52 am,Investor Presentation,https://www.lse.co.uk/rns/80M/investor-presentation-uimv1al776105a5.html,structured_fields_extracted,3,,,,,Exploration target,DFS,,117.0,,,,,,,,,,London South East RNS mirror,Medium,RNS resource tonnage found; RNS resource confidence found: Exploration target; RNS study stage found: DFS,2026-05-17
80M,80 Mile,27th Jan 2026 9:38 am,Investor Presentation,https://www.lse.co.uk/rns/80M/investor-presentation-mjecxsktllkesit.html,structured_fields_extracted,2,,,,,Exploration target,,,117.0,,,,,,,,,,London South East RNS mirror,Medium,RNS resource tonnage found; RNS resource confidence found: Exploration target,2026-05-17
80M,80 Mile,30th Sep 2025 12:56 pm,Interim Results,https://www.lse.co.uk/rns/80M/interim-results-4qk4xl61w7i2290.html,structured_fields_extracted,1,,,,,,DFS,,,,,,,,,,,,London South East RNS mirror,Medium,RNS study stage found: DFS,2026-05-17
80M,80 Mile,30th Jun 2025 4:15 pm,Final Results for the year ended 31 December 2024,https://www.lse.co.uk/rns/80M/final-results-for-the-year-ended-31-december-2024-j6mzzmignm3uobt.html,structured_fields_extracted,3,,,,,Reserve,DFS,,29.7,,,,,,,,,,London South East RNS mirror,Medium,RNS resource tonnage found; RNS resource confidence found: Reserve; RNS study stage found: DFS,2026-05-17
AFRK,Afarak Group Plc,24th Oct 2025 8:00 am,AFARAK GROUP INVESTS IN PRODUCTION OF METALLURGICAL GRADE CHROME ORE CONCENTRATE,https://www.lse.co.uk/rns/AFRK/afarak-group-invests-in-production-of-metallurgical-grade-chrome-ore-concentrate-8b6igp3enflwrt0.html,structured_fields_extracted,3,,True,,,Proven,,,,,,,,,,,,concentrate route,London South East RNS mirror,Medium,RNS metallurgical testwork found; RNS resource confidence found: Proven,2026-05-17
AFRK,Afarak Group Plc,27th Jun 2025 7:00 am,AFARAK GROUP SELLS ZEERUST MINE ASSETS,https://www.lse.co.uk/rns/AFRK/afarak-group-sells-zeerust-mine-assets-ojbll9wd3h2b5ce.html,rns_or_document_found_needs_review,0,,,,,,,,,,,,,,,,,,London South East RNS mirror,Medium,Technical/project RNS found; structured fields require analyst review,2026-05-17
AFRK,Afarak Group Plc,7th Oct 2024 3:31 pm,AFARAK GROUP REPORTS A FATALITY AT ZEERUST CHROME MINE,https://www.lse.co.uk/rns/AFRK/afarak-group-reports-a-fatality-at-zeerust-chrome-mine-r2oan4qntijkiwg.html,rns_or_document_found_needs_review,0,,,,,,,,,,,,,,,,,,London South East RNS mirror,Medium,Technical/project RNS found; structured fields require analyst review,2026-05-17
AFP,African Pioneer PLC,30th Apr 2026 11:36 am,Final Results for period to 31 December 2025,https://www.lse.co.uk/rns/AFP/final-results-for-period-to-31-december-2025-ler80ltrx57pxhv.html,structured_fields_extracted,4,,,,,Reserve,DFS,,5.7,,,,,,,,,metals/alloys/recycling,London South East RNS mirror,Medium,RNS resource tonnage found; RNS resource confidence found: Reserve; RNS study stage found: DFS,2026-05-17
AFP,African Pioneer PLC,30th Sep 2025 11:44 am,Interim Results for Six Months Ended 30 June 2025,https://www.lse.co.uk/rns/AFP/interim-results-for-six-months-ended-30-june-2025-snf1abp62ktgirc.html,structured_fields_extracted,5,,True,,,Indicated,PEA,,5.7,,,,,,,,,metals/alloys/recycling,London South East RNS mirror,Medium,RNS metallurgical testwork found; RNS resource tonnage found; RNS resource confidence found: Indicated; RNS study stage found: PEA,2026-05-17
AFP,African Pioneer PLC,25th Jun 2025 7:00 am,Ongombo Copper-Gold Project Mining Licence Issued,https://www.lse.co.uk/rns/AFP/ongombo-copper-gold-project-mining-licence-issued-mt3uxc3l758xkmd.html,structured_fields_extracted,1,,,,,,PEA,,,,,,,,,,,,London South East RNS mirror,Medium,RNS study stage found: PEA,2026-05-17
AFP,African Pioneer PLC,30th Sep 2024 7:00 am,Interim Results for Six Months Ended 30 June 2024,https://www.lse.co.uk/rns/AFP/interim-results-for-six-months-ended-30-june-2024-wkv79b1gf248mef.html,structured_fields_extracted,5,,True,,,Indicated,PEA,,5.7,,,,,,,,,metals/alloys/recycling,London South East RNS mirror,Medium,RNS metallurgical testwork found; RNS resource tonnage found; RNS resource confidence found: Indicated; RNS study stage found: PEA,2026-05-17
AFP,African Pioneer PLC,30th Apr 2024 2:07 pm,Final Results and Annual Financial Report,https://www.lse.co.uk/rns/AFP/final-results-and-annual-financial-report-ek4iste8q44gdd5.html,structured_fields_extracted,5,,True,,,Reserve,FEED,,5.7,,,,,,,,,metals/alloys/recycling,London South East RNS mirror,Medium,RNS metallurgical testwork found; RNS resource tonnage found; RNS resource confidence found: Reserve; RNS study stage found: FEED,2026-05-17
ALBA,Alba Mineral Resources,5th May 2026 9:17 am,Final Results and Notice of AGM,https://www.lse.co.uk/rns/ALBA/final-results-and-notice-of-agm-1hb1uornikcaq78.html,structured_fields_extracted,6,"monazite, xenotime",True,,,Reserve,PEA,19.0,,,,,,,,,,metals/alloys/recycling,London South East RNS mirror,Medium,RNS mineralogy evidence found; RNS metallurgical testwork found; RNS TREO grade found; RNS resource confidence found: Reserve; RNS study stage found: PEA,2026-05-17
ALBA,Alba Mineral Resources,16th Feb 2026 8:10 am,Phase 1 Motzfeldt Test Work Completed,https://www.lse.co.uk/rns/ALBA/phase-1-motzfeldt-test-work-completed-zzrs878iw0fehj0.html,structured_fields_extracted,4,"monazite, xenotime",True,,,,Scoping,,,,,,,,,,,metals/alloys/recycling,London South East RNS mirror,Medium,RNS mineralogy evidence found; RNS metallurgical testwork found; RNS study stage found: Scoping,2026-05-17
ALBA,Alba Mineral Resources,23rd Jan 2026 7:00 am,Alba Joins Critical Minerals Association,https://www.lse.co.uk/rns/ALBA/alba-joins-critical-minerals-association-86dujybfan45gdb.html,rns_or_document_found_needs_review,0,,,,,,,,,,,,,,,,,,London South East RNS mirror,Medium,Technical/project RNS found; structured fields require analyst review,2026-05-17
ALBA,Alba Mineral Resources,19th Dec 2025 7:00 am,Clogau Gold Mine Operational Update,https://www.lse.co.uk/rns/ALBA/clogau-gold-mine-operational-update-5yu8reybypxd2k5.html,structured_fields_extracted,1,,,,,,Pilot,,,,,,,,,,,,London South East RNS mirror,Medium,RNS study stage found: Pilot,2026-05-17
ALBA,Alba Mineral Resources,19th Dec 2025 7:00 am,Clogau Gold Mine Operational Update,https://www.lse.co.uk/rns/ALBA/clogau-gold-mine-operational-update-ct4eguz9fcq1aac.html,structured_fields_extracted,1,,,,,,Pilot,,,,,,,,,,,,London South East RNS mirror,Medium,RNS study stage found: Pilot,2026-05-17
UFO,Alien Metals,7th May 2026 7:00 am,Munni Munni Phase 1 Drilling Results,https://www.lse.co.uk/rns/UFO/munni-munni-phase-1-drilling-results-qp6qxnr18snprq8.html,structured_fields_extracted,4,,True,,,Reserve,DFS,,8.4,,,,,,,,,,London South East RNS mirror,Medium,RNS metallurgical testwork found; RNS resource tonnage found; RNS resource confidence found: Reserve; RNS study stage found: DFS,2026-05-17
UFO,Alien Metals,22nd Apr 2026 7:00 am,Mineral Resource Estimate at Elizabeth Hill,https://www.lse.co.uk/rns/UFO/mineral-resource-estimate-at-elizabeth-hill-dlorfg8zpttj2km.html,structured_fields_extracted,6,,True,5.0,,Reserve,DFS,,8.4,,,,,,,,,separated oxide / separation route,London South East RNS mirror,Medium,RNS metallurgical testwork found; RNS recovery percentage found; RNS resource tonnage found; RNS resource confidence found: Reserve; RNS study stage found: DFS,2026-05-17
UFO,Alien Metals,16th Apr 2026 7:00 am,Updated West Coast Silver Corporate Presentation,https://www.lse.co.uk/rns/UFO/updated-west-coast-silver-corporate-presentation-n1xn6y8ne603zja.html,structured_fields_extracted,3,,True,,,,DFS,,8.4,,,,,,,,,,London South East RNS mirror,Medium,RNS metallurgical testwork found; RNS resource tonnage found; RNS study stage found: DFS,2026-05-17
UFO,Alien Metals,14th Apr 2026 7:30 am,Diamond Drilling Below the Elizabeth Hill Mine,https://www.lse.co.uk/rns/UFO/diamond-drilling-below-the-elizabeth-hill-mine-slsgzvoqjdjxwlr.html,structured_fields_extracted,5,,True,,,Reserve,DFS,,8.4,,,,,,,,,separated oxide / separation route,London South East RNS mirror,Medium,RNS metallurgical testwork found; RNS resource tonnage found; RNS resource confidence found: Reserve; RNS study stage found: DFS,2026-05-17
UFO,Alien Metals,8th Apr 2026 9:23 am,Updated Presentation on GreenTech’s Website,https://www.lse.co.uk/rns/UFO/updated-presentation-on-greentech8217s-website-7xe9p250fpe6vrz.html,structured_fields_extracted,3,,True,,,,DFS,,8.4,,,,,,,,,,London South East RNS mirror,Medium,RNS metallurgical testwork found; RNS resource tonnage found; RNS study stage found: DFS,2026-05-17
ALK,Alkemy Capital Investments,24th Apr 2026 7:00 am,TVL Project Development Update,https://www.lse.co.uk/rns/ALK/tvl-project-development-update-fts5nwj7qqyb86v.html,structured_fields_extracted,2,,,,,,FEED,,,,,,,,,,,mixed rare earth carbonate,London South East RNS mirror,Medium,RNS study stage found: FEED,2026-05-17
ALK,Alkemy Capital Investments,12th Feb 2026 7:00 am,TVL Advances On-Site Lithium Recovery,https://www.lse.co.uk/rns/ALK/tvl-advances-on-site-lithium-recovery-ffsp1tu8ih6xpjg.html,structured_fields_extracted,3,,,100.0,,,FEED,,,,,,,,,,,mixed rare earth carbonate,London South East RNS mirror,Medium,RNS recovery percentage found; RNS study stage found: FEED,2026-05-17
ALK,Alkemy Capital Investments,3rd Feb 2026 7:00 am,TVL FEED Study,https://www.lse.co.uk/rns/ALK/tvl-feed-study-z5avpebhjlhgpfe.html,structured_fields_extracted,5,,True,,,,FEED,,,,,,,,,243600000.0,33.2,mixed rare earth carbonate,London South East RNS mirror,Medium,RNS metallurgical testwork found; RNS study stage found: FEED,2026-05-17
ALK,Alkemy Capital Investments,28th Jan 2026 9:35 am,TVL and Glencore Sign Binding Offtake Agreement,https://www.lse.co.uk/rns/ALK/tvl-and-glencore-sign-binding-offtake-agreement-u4mf2dumtsjegfi.html,structured_fields_extracted,1,,,,,,FEED,,,,,,,,,,,,London South East RNS mirror,Medium,RNS study stage found: FEED,2026-05-17
ALK,Alkemy Capital Investments,14th Jan 2026 7:00 am,TVL FEED Study Update,https://www.lse.co.uk/rns/ALK/tvl-feed-study-update-2msa7wab4gbv79l.html,structured_fields_extracted,2,,,94.0,,,FEED,,,,,,,,,,,,London South East RNS mirror,Medium,RNS recovery percentage found; RNS study stage found: FEED,2026-05-17
REE,Altona Rare Earths,5th May 2026 7:00 am,Monte Muambe MRE Results - Fluorspar and Gallium,https://www.lse.co.uk/rns/REE/monte-muambe-mre-results-fluorspar-and-gallium-5eefr7q6zczt0sz.html,structured_fields_extracted,9,carbonatite,True,65.0,97.5,Reserve,DFS,2.42,13.6,,,,,,,,,mixed rare earth carbonate,London South East RNS mirror,Medium,RNS mineralogy evidence found; RNS metallurgical testwork found; RNS recovery percentage found; RNS concentrate grade found; RNS TREO grade found; RNS resource tonnage found; RNS resource confidence found: Reserve; RNS study stage found: DFS,2026-05-17
REE,Altona Rare Earths,30th Apr 2026 7:00 am,Conference presentation notification 5th May 2026,https://www.lse.co.uk/rns/REE/conference-presentation-notification-5th-may-2026-19qos1zo0oheprv.html,structured_fields_extracted,4,,,,,,Scoping,2.42,13.6,,,,,,,,,concentrate route,London South East RNS mirror,Medium,RNS TREO grade found; RNS resource tonnage found; RNS study stage found: Scoping,2026-05-17
REE,Altona Rare Earths,24th Mar 2026 7:00 am,Assay Results Confirm High Grade Mineralisation,https://www.lse.co.uk/rns/REE/assay-results-confirm-high-grade-mineralisation-p7lkbv0znkqs4qm.html,structured_fields_extracted,7,carbonatite,True,,,Reserve,PEA,2.42,13.6,,,,,,,,,concentrate route,London South East RNS mirror,Medium,RNS mineralogy evidence found; RNS metallurgical testwork found; RNS TREO grade found; RNS resource tonnage found; RNS resource confidence found: Reserve; RNS study stage found: PEA,2026-05-17
REE,Altona Rare Earths,16th Feb 2026 7:00 am,Monte Muambe: Strong Initial Assay Results,https://www.lse.co.uk/rns/REE/monte-muambe-strong-initial-assay-results-u0f4ym0goqnl7rx.html,structured_fields_extracted,5,,,,,Reserve,PEA,2.42,13.6,,,,,,,,,concentrate route,London South East RNS mirror,Medium,RNS TREO grade found; RNS resource tonnage found; RNS resource confidence found: Reserve; RNS study stage found: PEA,2026-05-17
REE,Altona Rare Earths,22nd Dec 2025 7:00 am,Issue of Equity for Expanded Drilling Programme,https://www.lse.co.uk/rns/REE/issue-of-equity-for-expanded-drilling-programme-vzxtnocackpfdp3.html,structured_fields_extracted,4,,,,,,PEA,2.42,13.6,,,,,,,,,concentrate route,London South East RNS mirror,Medium,RNS TREO grade found; RNS resource tonnage found; RNS study stage found: PEA,2026-05-17
ALBH,Aluminium Bahrain B.s.c. Gdr,8th Feb 2018 1:38 pm,Final Results,https://www.lse.co.uk/rns/ALBH/final-results-u84i7ifg9lsm9vu.html,structured_fields_extracted,2,,,,,,FEED,,,,,,,,,3000000000.0,,,London South East RNS mirror,Medium,RNS study stage found: FEED,2026-05-17
ATM,Andrada Mining,5th May 2026 7:00 am,Second Batch of Lithium Ridge Drill Results,https://www.lse.co.uk/rns/ATM/second-batch-of-lithium-ridge-drill-results-aj69ps1r9a6yffr.html,structured_fields_extracted,2,,,,,,PEA,,,,,,,,,,,metals/alloys/recycling,London South East RNS mirror,Medium,RNS study stage found: PEA,2026-05-17
ATM,Andrada Mining,23rd Apr 2026 7:08 am,Update: Investor Presentation via IMC,https://www.lse.co.uk/rns/ATM/update-investor-presentation-via-imc-vx1inan3fl56wfo.html,rns_or_document_found_needs_review,0,,,,,,,,,,,,,,,,,,London South East RNS mirror,Medium,Technical/project RNS found; structured fields require analyst review,2026-05-17
ATM,Andrada Mining,10th Feb 2026 2:40 pm,EIB Partnership for Uis Mine Feasibility Study,https://www.lse.co.uk/rns/ATM/eib-partnership-for-uis-mine-feasibility-study-f5c9ck73gkzitrl.html,structured_fields_extracted,3,,True,,,,DFS,,,,,,,,,,,concentrate route,London South East RNS mirror,Medium,RNS metallurgical testwork found; RNS study stage found: DFS,2026-05-17
ATM,Andrada Mining,9th Feb 2026 7:00 am,High-grade initial drill results at Lithium Ridge,https://www.lse.co.uk/rns/ATM/high-grade-initial-drill-results-at-lithium-ridge-lle3wluiz5to0vw.html,structured_fields_extracted,2,,,,,,PEA,,,,,,,,,,,metals/alloys/recycling,London South East RNS mirror,Medium,RNS study stage found: PEA,2026-05-17
ATM,Andrada Mining,26th Jan 2026 7:00 am,Lithium Ridge Exploration Update,https://www.lse.co.uk/rns/ATM/lithium-ridge-exploration-update-2x3cuuhfjtyxek5.html,structured_fields_extracted,1,,,,,,PEA,,,,,,,,,,,,London South East RNS mirror,Medium,RNS study stage found: PEA,2026-05-17
AYM,Anglesey Mining,5th Dec 2025 7:00 am,Debt Settlement and Disposals; Investment by Energold Minerals; Additions to Board,https://www.lse.co.uk/rns/AYM/debt-settlement-and-disposals-investment-by-energold-minerals-additions-to-board-mixtpkm0uyoup1y.html,structured_fields_extracted,2,,True,,,,PEA,,,,,,,,,,,,London South East RNS mirror,Medium,RNS metallurgical testwork found; RNS study stage found: PEA,2026-05-17
AYM,Anglesey Mining,30th Sep 2025 12:04 pm,Anglesey Mining plc - Annual Report 2025,https://www.lse.co.uk/rns/AYM/anglesey-mining-plc-annual-report-2025-oorxi8q5i34y843.html,structured_fields_extracted,3,,,,,Reserve,PFS,,,,,,,,,,,concentrate route,London South East RNS mirror,Medium,RNS resource confidence found: Reserve; RNS study stage found: PFS,2026-05-17
AYM,Anglesey Mining,30th Jul 2025 7:00 am,Anglesey Mining Announces Signing of Letter of Intent to Progress High-Density Fluid Hydro-Power Energy Storage Project,https://www.lse.co.uk/rns/AYM/anglesey-mining-announces-signing-of-letter-of-intent-to-progress-high-density-fluid-hydro-power-energy-storage-project-vu3eyfddm85slan.html,structured_fields_extracted,2,,,,,,PFS,,5.3,,,,,,,,,,London South East RNS mirror,Medium,RNS resource tonnage found; RNS study stage found: PFS,2026-05-17
AYM,Anglesey Mining,8th Apr 2025 7:00 am,Anglesey Mining Announces Publication of a Conceptual Study of a High-Density Fluid Hydro-Power Energy Storage Project,https://www.lse.co.uk/rns/AYM/anglesey-mining-announces-publication-of-a-conceptual-study-of-a-high-density-fluid-hydro-power-energy-storage-project-1i3enyykc674p9v.html,structured_fields_extracted,2,,,,,,PFS,,5.3,,,,,,,,,,London South East RNS mirror,Medium,RNS resource tonnage found; RNS study stage found: PFS,2026-05-17
AYM,Anglesey Mining,18th Feb 2025 7:00 am,"Anglesey Mining plc and RheEnergise Partner to Explore Underground Energy Storage at Parys Mountain Mine, through the Rehabilitation of the Existing 300m Deep Morris Shaft.",https://www.lse.co.uk/rns/AYM/anglesey-mining-plc-and-rheenergise-partner-to-explore-underground-energy-storage-at-parys-mountain-mine-through-the-rehabilitation-of-the-existing-300m-deep-morris-shaft-06wxexj17b5r1s3.html,structured_fields_extracted,2,,,,,,Scoping,,5.3,,,,,,,,,,London South East RNS mirror,Medium,RNS resource tonnage found; RNS study stage found: Scoping,2026-05-17
AAL,Anglo American,19th Feb 2026 7:00 am,Kumba Iron Ore annual results,https://www.lse.co.uk/rns/AAL/kumba-iron-ore-annual-results-oe9yg38b5bx4u12.html,rns_or_document_found_needs_review,0,,,,,,,,,,,,,,,,,,London South East RNS mirror,Medium,Technical/project RNS found; structured fields require analyst review,2026-05-17
AAZ,Anglo Asian Mining PLC,23rd Apr 2026 7:00 am,Processing plant upgrades at Gedabek and Demirli,https://www.lse.co.uk/rns/AAZ/processing-plant-upgrades-at-gedabek-and-demirli-5lou6nw21bcgh1m.html,structured_fields_extracted,2,,True,,,,PEA,,,,,,,,,,,,London South East RNS mirror,Medium,RNS metallurgical testwork found; RNS study stage found: PEA,2026-05-17
AAZ,Anglo Asian Mining PLC,15th Jan 2026 7:00 am,President of Azerbaijan visit to the Demirli mine,https://www.lse.co.uk/rns/AAZ/president-of-azerbaijan-visit-to-the-demirli-mine-jvtf5xfvogfik3i.html,structured_fields_extracted,1,,,,,,,,,,,,,,,,,concentrate route,London South East RNS mirror,Medium,Technical/project RNS found; structured fields require analyst review,2026-05-17
AAZ,Anglo Asian Mining PLC,11th Dec 2025 9:47 am,Form 8.5 (EPT/RI) - Anglo Asian Mining Plc,https://www.lse.co.uk/rns/AAZ/form-85-eptri-anglo-asian-mining-plc-3rshxg69m0cd83n.html,structured_fields_extracted,1,,,,,,PEA,,,,,,,,,,,,London South East RNS mirror,Medium,RNS study stage found: PEA,2026-05-17
AAZ,Anglo Asian Mining PLC,11th Dec 2025 7:00 am,Flotation plant upgrade & record copper production,https://www.lse.co.uk/rns/AAZ/flotation-plant-upgrade-record-copper-production-bxywricrd8crnja.html,structured_fields_extracted,1,,,,,,FEED,,,,,,,,,,,,London South East RNS mirror,Medium,RNS study stage found: FEED,2026-05-17
AAZ,Anglo Asian Mining PLC,10th Dec 2025 3:25 pm,Form 8.3 - Anglo Asian Mining plc,https://www.lse.co.uk/rns/AAZ/form-83-anglo-asian-mining-plc-6guvevtw2fdp76j.html,structured_fields_extracted,1,,,,,,PEA,,,,,,,,,,,,London South East RNS mirror,Medium,RNS study stage found: PEA,2026-05-17
ANTO,Antofagasta,26th Mar 2026 7:00 am,Publication of Annual Report and Notice of AGM,https://www.lse.co.uk/rns/ANTO/publication-of-annual-report-and-notice-of-agm-iqr0uqfnhel5b23.html,rns_or_document_found_needs_review,0,,,,,,,,,,,,,,,,,,London South East RNS mirror,Medium,Technical/project RNS found; structured fields require analyst review,2026-05-17
ANTO,Antofagasta,5th Feb 2026 7:00 am,2025 FY Results Presentation and Call Details,https://www.lse.co.uk/rns/ANTO/2025-fy-results-presentation-and-call-details-nnsh31rq1at6dpk.html,rns_or_document_found_needs_review,0,,,,,,,,,,,,,,,,,,London South East RNS mirror,Medium,Technical/project RNS found; structured fields require analyst review,2026-05-17
ANTO,Antofagasta,27th Mar 2025 7:00 am,"2024 ANNUAL REPORT, 2025 NOTICE OF AGM",https://www.lse.co.uk/rns/ANTO/2024-annual-report-2025-notice-of-agm-1637qqaxhzc4pl8.html,structured_fields_extracted,1,,,,,,PEA,,,,,,,,,,,,London South East RNS mirror,Medium,RNS study stage found: PEA,2026-05-17
ANTO,Antofagasta,11th Feb 2025 7:00 am,2024 FY RESULTS PRESENTATION & CONFERENCE DETAILS,https://www.lse.co.uk/rns/ANTO/2024-fy-results-presentation-conference-details-ii48lgsrlcrsw7w.html,rns_or_document_found_needs_review,0,,,,,,,,,,,,,,,,,,London South East RNS mirror,Medium,Technical/project RNS found; structured fields require analyst review,2026-05-17
ARK,Arkle Res,16th Apr 2026 11:44 am,Stonepark Zinc Project – Operations Update,https://www.lse.co.uk/rns/ARK/stonepark-zinc-project-8211-operations-update-7ucuyn6a9x9ipo5.html,structured_fields_extracted,4,,True,,,Inferred,,,5.1,,,,radioactivity/radionuclide handling referenced,,,,,,London South East RNS mirror,Medium,RNS metallurgical testwork found; RNS resource tonnage found; RNS resource confidence found: Inferred; RNS impurity/radioactivity evidence found,2026-05-17
ARK,Arkle Res,16th Apr 2026 11:28 am,Stonepark Zinc Project – Operations Update,https://www.lse.co.uk/rns/ARK/stonepark-zinc-project-8211-operations-update-iq8qlmzqxeseujm.html,structured_fields_extracted,4,,True,,,Inferred,,,5.1,,,,radioactivity/radionuclide handling referenced,,,,,,London South East RNS mirror,Medium,RNS metallurgical testwork found; RNS resource tonnage found; RNS resource confidence found: Inferred; RNS impurity/radioactivity evidence found,2026-05-17
ARK,Arkle Res,1st Apr 2026 7:00 am,Uranium Updates - Geophysical Surveys Complete,https://www.lse.co.uk/rns/ARK/uranium-updates-geophysical-surveys-complete-42g48ma22qtwixr.html,structured_fields_extracted,5,,True,,,Measured,,,,,,,radioactivity/radionuclide handling referenced,,782.0,,,metals/alloys/recycling,London South East RNS mirror,Medium,RNS metallurgical testwork found; RNS resource confidence found: Measured; RNS impurity/radioactivity evidence found,2026-05-17
ARK,Arkle Res,13th Mar 2026 11:12 am,Stonepark Zinc Project - Drilling Update,https://www.lse.co.uk/rns/ARK/stonepark-zinc-project-drilling-update-kaiz5dhdcfxxmi6.html,structured_fields_extracted,4,,True,,,Inferred,,,5.1,,,,radioactivity/radionuclide handling referenced,,,,,,London South East RNS mirror,Medium,RNS metallurgical testwork found; RNS resource tonnage found; RNS resource confidence found: Inferred; RNS impurity/radioactivity evidence found,2026-05-17
ARK,Arkle Res,13th Mar 2026 11:12 am,Stonepark Zinc Project - Drilling Update,https://www.lse.co.uk/rns/ARK/stonepark-zinc-project-drilling-update-f7y4uff9rzlej35.html,structured_fields_extracted,4,,True,,,Inferred,,,5.1,,,,radioactivity/radionuclide handling referenced,,,,,,London South East RNS mirror,Medium,RNS metallurgical testwork found; RNS resource tonnage found; RNS resource confidence found: Inferred; RNS impurity/radioactivity evidence found,2026-05-17
ARS,Asiamet Resources Limited,15th Sep 2025 7:00 am,BKM Copper Project Limestone Drilling Update,https://www.lse.co.uk/rns/ARS/bkm-copper-project-limestone-drilling-update-99ui63ca9mn33o8.html,structured_fields_extracted,2,,True,,,,PEA,,,,,,,,,,,,London South East RNS mirror,Medium,RNS metallurgical testwork found; RNS study stage found: PEA,2026-05-17
ARS,Asiamet Resources Limited,29th Aug 2025 7:00 am,Interim Results for Six Months Ended 30 June 2025,https://www.lse.co.uk/rns/ARS/interim-results-for-six-months-ended-30-june-2025-ntjcl4u9v1223eh.html,structured_fields_extracted,3,,True,,,Reserve,PEA,,,,,,,,,,,,London South East RNS mirror,Medium,RNS metallurgical testwork found; RNS resource confidence found: Reserve; RNS study stage found: PEA,2026-05-17
ARS,Asiamet Resources Limited,15th Aug 2025 7:00 am,Limestone Resource Drilling at BKM Copper Project,https://www.lse.co.uk/rns/ARS/limestone-resource-drilling-at-bkm-copper-project-9yra60ip1k3t2of.html,structured_fields_extracted,2,,True,,,,PEA,,,,,,,,,,,,London South East RNS mirror,Medium,RNS metallurgical testwork found; RNS study stage found: PEA,2026-05-17
ARS,Asiamet Resources Limited,9th Jul 2025 7:00 am,Appointment of Shore Capital as Corporate Broker,https://www.lse.co.uk/rns/ARS/appointment-of-shore-capital-as-corporate-broker-o8us9o0xp7l46jg.html,structured_fields_extracted,2,,True,,,,PEA,,,,,,,,,,,,London South East RNS mirror,Medium,RNS metallurgical testwork found; RNS study stage found: PEA,2026-05-17
ARS,Asiamet Resources Limited,29th May 2025 7:07 am,2024 Annual Report & Financial Statements,https://www.lse.co.uk/rns/ARS/2024-annual-report-financial-statements-36ltpcr7jfy0ap8.html,structured_fields_extracted,2,,True,,,,PEA,,,,,,,,,,,,London South East RNS mirror,Medium,RNS metallurgical testwork found; RNS study stage found: PEA,2026-05-17
ATYM,Atalaya Mining,28th Apr 2026 7:00 am,Publication of 2025 Annual Reporting Documents,https://www.lse.co.uk/rns/ATYM/publication-of-2025-annual-reporting-documents-8rwczxcd1oppzm1.html,structured_fields_extracted,2,,True,,,,PEA,,,,,,,,,,,,London South East RNS mirror,Medium,RNS metallurgical testwork found; RNS study stage found: PEA,2026-05-17
ATYM,Atalaya Mining,14th Apr 2026 7:00 am,Q1 2026 Operations Update,https://www.lse.co.uk/rns/ATYM/q1-2026-operations-update-prn0lxf3fxyqv6w.html,structured_fields_extracted,4,,True,81.54,,,FEED,,,,,,,,,,,metals/alloys/recycling,London South East RNS mirror,Medium,RNS metallurgical testwork found; RNS recovery percentage found; RNS study stage found: FEED,2026-05-17
ATYM,Atalaya Mining,4th Feb 2026 7:00 am,"Results of placing in Atalaya Mining Copper, S.A.",https://www.lse.co.uk/rns/ATYM/results-of-placing-in-atalaya-mining-copper-sa-1g2pngn8bxksfxo.html,structured_fields_extracted,1,,,,,,PEA,,,,,,,,,,,,London South East RNS mirror,Medium,RNS study stage found: PEA,2026-05-17
ATYM,Atalaya Mining,3rd Feb 2026 4:45 pm,"Proposed placing - in Atalaya Mining Copper, S.A.",https://www.lse.co.uk/rns/ATYM/proposed-placing-in-atalaya-mining-copper-sa-uoism4dzay7406d.html,structured_fields_extracted,1,,,,,,PEA,,,,,,,,,,,,London South East RNS mirror,Medium,RNS study stage found: PEA,2026-05-17
ATYM,Atalaya Mining,14th Jan 2026 7:00 am,Q4 Operations Update and 2026 Production Guidance,https://www.lse.co.uk/rns/ATYM/q4-operations-update-and-2026-production-guidance-21sxs8psjn1g6b8.html,structured_fields_extracted,3,,,83.87,,,FEED,,,,,,,,,,,metals/alloys/recycling,London South East RNS mirror,Medium,RNS recovery percentage found; RNS study stage found: FEED,2026-05-17
ATN,Aterian Plc,1st May 2026 7:00 am,Final Results for the Year Ended 31 December 2025,https://www.lse.co.uk/rns/ATN/final-results-for-the-year-ended-31-december-2025-2mzblk3z8qitp48.html,structured_fields_extracted,4,,True,,,Reserve,FEED,,,,,,,,,,,metals/alloys/recycling,London South East RNS mirror,Medium,RNS metallurgical testwork found; RNS resource confidence found: Reserve; RNS study stage found: FEED,2026-05-17
ATN,Aterian Plc,23rd Mar 2026 7:00 am,Strategic Trading JV with Wogen Resources,https://www.lse.co.uk/rns/ATN/strategic-trading-jv-with-wogen-resources-9t8b6xmvg6w0p05.html,structured_fields_extracted,1,,,,,,PEA,,,,,,,,,,,,London South East RNS mirror,Medium,RNS study stage found: PEA,2026-05-17
ATN,Aterian Plc,15th Jan 2026 7:00 am,Positive Study Results – Kalahari Copperbelt,https://www.lse.co.uk/rns/ATN/positive-study-results-8211-kalahari-copperbelt-7keto6snlb2bzr3.html,structured_fields_extracted,2,,,,,Proven,,,,,,,,,,,,metals/alloys/recycling,London South East RNS mirror,Medium,RNS resource confidence found: Proven,2026-05-17
ATN,Aterian Plc,30th Sep 2025 1:30 pm,Interim Results for Six Months Ended 30 June 2025,https://www.lse.co.uk/rns/ATN/interim-results-for-six-months-ended-30-june-2025-mmvkuawu8yhmct3.html,structured_fields_extracted,2,,,,,,Pilot,,,,,,,,,,,concentrate route,London South East RNS mirror,Medium,RNS study stage found: Pilot,2026-05-17
ATN,Aterian Plc,10th Jul 2025 7:00 am,High Grade Li2O and Rio Tinto Exercise JV Rights,https://www.lse.co.uk/rns/ATN/high-grade-li2o-and-rio-tinto-exercise-jv-rights-zb0nwprqwj0taio.html,structured_fields_extracted,2,,True,,,,,,,,,,,,,,,metals/alloys/recycling,London South East RNS mirror,Medium,RNS metallurgical testwork found,2026-05-17
ALL,Atlantic Lithium,20th Mar 2026 7:00 am,Parliamentary Ratification of Ewoyaa Mining Lease,https://www.lse.co.uk/rns/ALL/parliamentary-ratification-of-ewoyaa-mining-lease-b1l7k5fqzz8ng9h.html,structured_fields_extracted,2,,True,,,,DFS,,,,,,,,,,,,London South East RNS mirror,Medium,RNS metallurgical testwork found; RNS study stage found: DFS,2026-05-17
ALL,Atlantic Lithium,22nd Dec 2025 7:00 am,Ratification Process - Ewoyaa Mining Lease,https://www.lse.co.uk/rns/ALL/ratification-process-ewoyaa-mining-lease-r9u4zuhi6a11ru5.html,structured_fields_extracted,2,,True,,,,DFS,,,,,,,,,,,,London South East RNS mirror,Medium,RNS metallurgical testwork found; RNS study stage found: DFS,2026-05-17
ALL,Atlantic Lithium,22nd Dec 2025 7:00 am,Ratification Process - Ewoyaa Mining Lease,https://www.lse.co.uk/rns/ALL/ratification-process-ewoyaa-mining-lease-pc78tpqn59ui8h8.html,structured_fields_extracted,2,,True,,,,DFS,,,,,,,,,,,,London South East RNS mirror,Medium,RNS metallurgical testwork found; RNS study stage found: DFS,2026-05-17
ALL,Atlantic Lithium,11th Dec 2025 7:00 am,Update re the Ewoyaa Mining Lease,https://www.lse.co.uk/rns/ALL/update-re-the-ewoyaa-mining-lease-2e4je5zua7b743e.html,structured_fields_extracted,2,,True,,,,DFS,,,,,,,,,,,,London South East RNS mirror,Medium,RNS metallurgical testwork found; RNS study stage found: DFS,2026-05-17
ALL,Atlantic Lithium,12th Nov 2025 7:00 am,Ewoyaa Lithium Project - Mining Lease Update,https://www.lse.co.uk/rns/ALL/ewoyaa-lithium-project-mining-lease-update-0nojbytabht7g0z.html,structured_fields_extracted,2,,True,,,,DFS,,,,,,,,,,,,London South East RNS mirror,Medium,RNS metallurgical testwork found; RNS study stage found: DFS,2026-05-17
AMG,Atlas Metals Group PLC,30th Apr 2026 5:22 pm,Final results for the year ended 31 December 2025,https://www.lse.co.uk/rns/AMG/final-results-for-the-year-ended-31-december-2025-2g1bhcy7xlvuuir.html,rns_or_document_found_needs_review,0,,,,,,,,,,,,,,,,,,London South East RNS mirror,Medium,Technical/project RNS found; structured fields require analyst review,2026-05-17
AMG,Atlas Metals Group PLC,9th Feb 2026 7:00 am,Update on Kyrgyz Uranium Asset,https://www.lse.co.uk/rns/AMG/update-on-kyrgyz-uranium-asset-52rdaugtfd0i9d5.html,structured_fields_extracted,4,,True,,,,PEA,,,,,,radioactivity/radionuclide handling referenced,,,,,mixed rare earth carbonate,London South East RNS mirror,Medium,RNS metallurgical testwork found; RNS study stage found: PEA; RNS impurity/radioactivity evidence found,2026-05-17
AMG,Atlas Metals Group PLC,30th Sep 2025 7:00 am,Interim Results,https://www.lse.co.uk/rns/AMG/interim-results-vj35tbf1rddotqy.html,rns_or_document_found_needs_review,0,,,,,,,,,,,,,,,,,,London South East RNS mirror,Medium,Technical/project RNS found; structured fields require analyst review,2026-05-17
AMG,Atlas Metals Group PLC,30th Apr 2025 5:39 pm,Final Results,https://www.lse.co.uk/rns/AMG/final-results-0t8oc51x6tidoah.html,rns_or_document_found_needs_review,0,,,,,,,,,,,,,,,,,,London South East RNS mirror,Medium,Technical/project RNS found; structured fields require analyst review,2026-05-17
BHP,BHP Group,12th May 2026 10:16 am,Bank of America Metals Mining and Steel Conference,https://www.lse.co.uk/rns/BHP/bank-of-america-metals-mining-and-steel-conference-cafd7pdfmozga0y.html,rns_or_document_found_needs_review,0,,,,,,,,,,,,,,,,,,London South East RNS mirror,Medium,Technical/project RNS found; structured fields require analyst review,2026-05-17
BHP,BHP Group,17th Feb 2026 7:00 am,HY2026 Results Presentation,https://www.lse.co.uk/rns/BHP/hy2026-results-presentation-84oes8k2x24ik0i.html,rns_or_document_found_needs_review,0,,,,,,,,,,,,,,,,,,London South East RNS mirror,Medium,Technical/project RNS found; structured fields require analyst review,2026-05-17
BHP,BHP Group,20th Jan 2026 7:00 am,Jansen Stage 1 Potash Project Update,https://www.lse.co.uk/rns/BHP/jansen-stage-1-potash-project-update-iflzf2uuxergay7.html,rns_or_document_found_needs_review,0,,,,,,,,,,,,,,,,,,London South East RNS mirror,Medium,Technical/project RNS found; structured fields require analyst review,2026-05-17
BHP,BHP Group,22nd Aug 2025 12:53 pm,2025 US Annual Report (Form 20-F),https://www.lse.co.uk/rns/BHP/2025-us-annual-report-form-20-f-6vonbbe1qni3c3w.html,structured_fields_extracted,1,,,,,Reserve,,,,,,,,,,,,,London South East RNS mirror,Medium,RNS resource confidence found: Reserve,2026-05-17
BHP,BHP Group,19th Aug 2025 7:00 am,BHP FY2025 Results Presentation,https://www.lse.co.uk/rns/BHP/bhp-fy2025-results-presentation-szk24x2d8rd5823.html,rns_or_document_found_needs_review,0,,,,,,,,,,,,,,,,,,London South East RNS mirror,Medium,Technical/project RNS found; structured fields require analyst review,2026-05-17
BEM,Beowulf Mining PLC,22nd Sep 2025 7:00 am,Kallak Iron Ore Project Update,https://www.lse.co.uk/rns/BEM/kallak-iron-ore-project-update-6yme73ygqdos9cc.html,structured_fields_extracted,2,,,,,,FEED,,,,,,,,,,,metals/alloys/recycling,London South East RNS mirror,Medium,RNS study stage found: FEED,2026-05-17
BEM,Beowulf Mining PLC,10th Sep 2025 8:55 am,Updated Corporate Presentation,https://www.lse.co.uk/rns/BEM/updated-corporate-presentation-04cmw58qmvcmmag.html,rns_or_document_found_needs_review,0,,,,,,,,,,,,,,,,,,London South East RNS mirror,Medium,Technical/project RNS found; structured fields require analyst review,2026-05-17
BEM,Beowulf Mining PLC,10th Jun 2025 7:00 am,Updated Corporate Presentation,https://www.lse.co.uk/rns/BEM/updated-corporate-presentation-d062k3vjryxie5o.html,rns_or_document_found_needs_review,0,,,,,,,,,,,,,,,,,,London South East RNS mirror,Medium,Technical/project RNS found; structured fields require analyst review,2026-05-17
BEM,Beowulf Mining PLC,4th Jun 2025 9:25 am,Alternative Resource Capital Research Note,https://www.lse.co.uk/rns/BEM/alternative-resource-capital-research-note-bhdp5b7k4yb3563.html,rns_or_document_found_needs_review,0,,,,,,,,,,,,,,,,,,London South East RNS mirror,Medium,Technical/project RNS found; structured fields require analyst review,2026-05-17
BEM,Beowulf Mining PLC,14th May 2025 7:05 am,GAMP PFS Delivers Outstanding Economics,https://www.lse.co.uk/rns/BEM/gamp-pfs-delivers-outstanding-economics-nshqtqseczxrz3i.html,structured_fields_extracted,5,,True,61.0,,Proven,DFS,,,,,,,,,,,concentrate route,London South East RNS mirror,Medium,RNS metallurgical testwork found; RNS recovery percentage found; RNS resource confidence found: Proven; RNS study stage found: DFS,2026-05-17
BKY,Berkeley Eng,28th Oct 2025 7:00 am,Positive Met Test Work Results at Conchas,https://www.lse.co.uk/rns/BKY/positive-met-test-work-results-at-conchas-rigic1kvvr4bevi.html,structured_fields_extracted,5,,True,78.0,,Reserve,FEED,,,,,,,,,,,metals/alloys/recycling,London South East RNS mirror,Medium,RNS metallurgical testwork found; RNS recovery percentage found; RNS resource confidence found: Reserve; RNS study stage found: FEED,2026-05-17
BKY,Berkeley Eng,27th Aug 2025 7:03 am,2025 Annual Report,https://www.lse.co.uk/rns/BKY/2025-annual-report-abxrv5pq914klhw.html,rns_or_document_found_needs_review,0,,,,,,,,,,,,,,,,,,London South East RNS mirror,Medium,Technical/project RNS found; structured fields require analyst review,2026-05-17
BKY,Berkeley Eng,27th Aug 2024 7:00 am,2024 Annual Report,https://www.lse.co.uk/rns/BKY/2024-annual-report-yqxrzcabtzm937j.html,rns_or_document_found_needs_review,0,,,,,,,,,,,,,,,,,,London South East RNS mirror,Medium,Technical/project RNS found; structured fields require analyst review,2026-05-17
BKY,Berkeley Eng,30th Aug 2023 7:00 am,2023 Annual Report,https://www.lse.co.uk/rns/BKY/2023-annual-report-vqgjt41y7xq8mje.html,rns_or_document_found_needs_review,0,,,,,,,,,,,,,,,,,,London South East RNS mirror,Medium,Technical/project RNS found; structured fields require analyst review,2026-05-17
BZT,Bezant Resources PLC,8th Apr 2026 7:00 am,Hope & Gorob Project-New Mineral Resource Estimate,https://www.lse.co.uk/rns/BZT/hope-gorob-project-new-mineral-resource-estimate-jpn9w6125a3zy3p.html,structured_fields_extracted,5,,True,,,Reserve,FEED,,1.1,,,,,,,,,metals/alloys/recycling,London South East RNS mirror,Medium,RNS metallurgical testwork found; RNS resource tonnage found; RNS resource confidence found: Reserve; RNS study stage found: FEED,2026-05-17
BZT,Bezant Resources PLC,30th Mar 2026 9:31 am,Hope & Gorob Copper-Gold - Mine Development Update,https://www.lse.co.uk/rns/BZT/hope-gorob-copper-gold-mine-development-update-hgnl209xp5dtso3.html,structured_fields_extracted,1,,,,,,,,,,,,,,,,,concentrate route,London South East RNS mirror,Medium,Technical/project RNS found; structured fields require analyst review,2026-05-17
BZT,Bezant Resources PLC,11th Mar 2026 11:00 am,Appointment of mining and logistics contractor,https://www.lse.co.uk/rns/BZT/appointment-of-mining-and-logistics-contractor-d34udtrfieplgk6.html,structured_fields_extracted,1,,,,,,,,,,,,,,,,,concentrate route,London South East RNS mirror,Medium,Technical/project RNS found; structured fields require analyst review,2026-05-17
BZT,Bezant Resources PLC,11th Mar 2026 11:00 am,Appointment of mining and logistics contractor,https://www.lse.co.uk/rns/BZT/appointment-of-mining-and-logistics-contractor-lzw3667hkevm2kc.html,structured_fields_extracted,1,,,,,,,,,,,,,,,,,concentrate route,London South East RNS mirror,Medium,Technical/project RNS found; structured fields require analyst review,2026-05-17
BZT,Bezant Resources PLC,10th Mar 2026 7:00 am,"NLZM Mining Licence Renewed, Warrants Exercise TVR",https://www.lse.co.uk/rns/BZT/nlzm-mining-licence-renewed-warrants-exercise-tvr-vc8g0eib7yiwges.html,structured_fields_extracted,1,,,,,,,,,,,,,,,,,concentrate route,London South East RNS mirror,Medium,Technical/project RNS found; structured fields require analyst review,2026-05-17
BRES,Blencowe Resources,30th Apr 2026 7:00 am,Beehive Final Assay Results,https://www.lse.co.uk/rns/BRES/beehive-final-assay-results-m6h9wf53ofz80mm.html,structured_fields_extracted,3,,True,,,,DFS,,,,,,,,,,,concentrate route,London South East RNS mirror,Medium,RNS metallurgical testwork found; RNS study stage found: DFS,2026-05-17
BRES,Blencowe Resources,16th Apr 2026 7:00 am,Beehive Drilling Results,https://www.lse.co.uk/rns/BRES/beehive-drilling-results-c6jj6wdq2pfr795.html,structured_fields_extracted,2,,,,,,PEA,,16.9,,,,,,,,,,London South East RNS mirror,Medium,RNS resource tonnage found; RNS study stage found: PEA,2026-05-17
BRES,Blencowe Resources,17th Mar 2026 7:00 am,Beehive Drilling Returns Multiple 30m Intercepts,https://www.lse.co.uk/rns/BRES/beehive-drilling-returns-multiple-30m-intercepts-8lgwzondpp5bvab.html,structured_fields_extracted,2,,,,,,PEA,,16.9,,,,,,,,,,London South East RNS mirror,Medium,RNS resource tonnage found; RNS study stage found: PEA,2026-05-17
BRES,Blencowe Resources,17th Mar 2026 7:00 am,Beehive Drilling Returns Multiple 30m Intercepts,https://www.lse.co.uk/rns/BRES/beehive-drilling-returns-multiple-30m-intercepts-d676p0riqavjcgb.html,structured_fields_extracted,2,,,,,,PEA,,16.9,,,,,,,,,,London South East RNS mirror,Medium,RNS resource tonnage found; RNS study stage found: PEA,2026-05-17
BRES,Blencowe Resources,6th Mar 2026 7:00 am,Maiden 16.9 Mt JORC Resource for Iyan Deposit,https://www.lse.co.uk/rns/BRES/maiden-169-mt-jorc-resource-for-iyan-deposit-ixbrkr9pq52b5f5.html,structured_fields_extracted,4,,True,,,Reserve,PEA,,16.9,,,,,,,,,,London South East RNS mirror,Medium,RNS metallurgical testwork found; RNS resource tonnage found; RNS resource confidence found: Reserve; RNS study stage found: PEA,2026-05-17
BMV,Bluebird Mining Ventures,1st May 2026 7:00 am,Final Results & Publication of Annual Report,https://www.lse.co.uk/rns/BMV/final-results-publication-of-annual-report-74qm0eyvrobuoe3.html,structured_fields_extracted,1,,,,,,,,,,,,,,,,,concentrate route,London South East RNS mirror,Medium,Technical/project RNS found; structured fields require analyst review,2026-05-17
BMV,Bluebird Mining Ventures,12th Jun 2025 7:00 am,Bitcoin Mining Machines,https://www.lse.co.uk/rns/BMV/bitcoin-mining-machines-5ty5woq6s0cq9u4.html,rns_or_document_found_needs_review,0,,,,,,,,,,,,,,,,,,London South East RNS mirror,Medium,Technical/project RNS found; structured fields require analyst review,2026-05-17
BMV,Bluebird Mining Ventures,30th Apr 2025 7:00 am,Final Results,https://www.lse.co.uk/rns/BMV/final-results-gdi9wb7m85zekui.html,structured_fields_extracted,1,,,,,Reserve,,,,,,,,,,,,,London South East RNS mirror,Medium,RNS resource confidence found: Reserve,2026-05-17
BHL,Bradda Head Lithium,16th Apr 2026 7:00 am,Investor Presentation,https://www.lse.co.uk/rns/BHL/investor-presentation-cvtyrkncy89xkh3.html,structured_fields_extracted,2,,,,,Measured,,,20.0,,,,,,,,,,London South East RNS mirror,Medium,RNS resource tonnage found; RNS resource confidence found: Measured,2026-05-17
BHL,Bradda Head Lithium,2nd Feb 2026 7:00 am,Investor Presentation,https://www.lse.co.uk/rns/BHL/investor-presentation-uhlr3ydt93i7nms.html,structured_fields_extracted,2,,,,,Measured,,,20.0,,,,,,,,,,London South East RNS mirror,Medium,RNS resource tonnage found; RNS resource confidence found: Measured,2026-05-17
BHL,Bradda Head Lithium,19th Nov 2025 7:00 am,Unaudited Interim Results,https://www.lse.co.uk/rns/BHL/unaudited-interim-results-on8r1swle91bwnu.html,structured_fields_extracted,4,,,,,Measured,PEA,,20.0,,,,,,,,,separated oxide / separation route,London South East RNS mirror,Medium,RNS resource tonnage found; RNS resource confidence found: Measured; RNS study stage found: PEA,2026-05-17
BHL,Bradda Head Lithium,31st Jul 2025 3:39 pm,Audited Final Results For Year Ended 28 Feb 2025,https://www.lse.co.uk/rns/BHL/audited-final-results-for-year-ended-28-feb-2025-m6bc5gv53vgqmsw.html,structured_fields_extracted,7,,True,72.0,,Reserve,FEED,,1.0,,,,radioactivity/radionuclide handling referenced,,,,,mixed rare earth carbonate,London South East RNS mirror,Medium,RNS metallurgical testwork found; RNS recovery percentage found; RNS resource tonnage found; RNS resource confidence found: Reserve; RNS study stage found: FEED; RNS impurity/radioactivity evidence found,2026-05-17
BHL,Bradda Head Lithium,8th Apr 2025 7:00 am,Drill Permits Received for San Domingo Targets,https://www.lse.co.uk/rns/BHL/drill-permits-received-for-san-domingo-targets-djcfdezmxh3rfjs.html,structured_fields_extracted,3,,,,,Measured,PEA,,2.81,,,,,,,,,,London South East RNS mirror,Medium,RNS resource tonnage found; RNS resource confidence found: Measured; RNS study stage found: PEA,2026-05-17
BMTO,Braime Group Plc,2nd Sep 2025 1:54 pm,Interim Results for six months ended 30 June 2025,https://www.lse.co.uk/rns/BMTO/interim-results-for-six-months-ended-30-june-2025-rmjxw46hh9eb8zh.html,structured_fields_extracted,1,,,,,,PEA,,,,,,,,,,,,London South East RNS mirror,Medium,RNS study stage found: PEA,2026-05-17
BMTO,Braime Group Plc,2nd Sep 2024 3:33 pm,Interim Results six months ended 30th June 2024,https://www.lse.co.uk/rns/BMTO/interim-results-six-months-ended-30th-june-2024-gbx73y86t33lxcw.html,structured_fields_extracted,1,,,,,,PEA,,,,,,,,,,,,London South East RNS mirror,Medium,RNS study stage found: PEA,2026-05-17
BMTO,Braime Group Plc,4th Sep 2023 4:34 pm,Interim Results,https://www.lse.co.uk/rns/BMTO/interim-results-uhwjz9nh1v9y008.html,structured_fields_extracted,2,,,,,,PEA,,,,,,,,,2024.0,,,London South East RNS mirror,Medium,RNS study stage found: PEA,2026-05-17
BMTO,Braime Group Plc,5th Sep 2022 12:20 pm,Interim Results for Six Months Ended 30 June 2022,https://www.lse.co.uk/rns/BMTO/interim-results-for-six-months-ended-30-june-2022-vbjjuqkikmx0upd.html,structured_fields_extracted,1,,,,,,FEED,,,,,,,,,,,,London South East RNS mirror,Medium,RNS study stage found: FEED,2026-05-17
BMTO,Braime Group Plc,22nd Jun 2022 7:00 am,Chain Cell Project Update,https://www.lse.co.uk/rns/BMTO/chain-cell-project-update-57pqv16xdxhv4pl.html,rns_or_document_found_needs_review,0,,,,,,,,,,,,,,,,,,London South East RNS mirror,Medium,Technical/project RNS found; structured fields require analyst review,2026-05-17
BMT,Braime Holdings,17th Apr 2012 2:11 pm,Final Results,https://www.lse.co.uk/rns/BMT/final-results-khjighqguvyu6u9.html,structured_fields_extracted,1,,,,,,PEA,,,,,,,,,,,,London South East RNS mirror,Medium,RNS study stage found: PEA,2026-05-17
BMT,Braime Holdings,30th Mar 2011 3:18 pm,Final Results,https://www.lse.co.uk/rns/BMT/final-results-frtkjpfatsmsun0.html,rns_or_document_found_needs_review,0,,,,,,,,,,,,,,,,,,London South East RNS mirror,Medium,Technical/project RNS found; structured fields require analyst review,2026-05-17
BMT,Braime Holdings,31st Mar 2010 10:34 am,Final Results,https://www.lse.co.uk/rns/BMT/final-results-fuwnwktt75onkzk.html,structured_fields_extracted,1,,,,,,PEA,,,,,,,,,,,,London South East RNS mirror,Medium,RNS study stage found: PEA,2026-05-17
BMT,Braime Holdings,13th Mar 2009 2:19 pm,Final Results,https://www.lse.co.uk/rns/BMT/final-results-9p4ege4779i3wsb.html,rns_or_document_found_needs_review,0,,,,,,,,,,,,,,,,,,London South East RNS mirror,Medium,Technical/project RNS found; structured fields require analyst review,2026-05-17
BMT,Braime Holdings,4th Sep 2008 11:24 am,Interim Results,https://www.lse.co.uk/rns/BMT/interim-results-ar57fdbxsuj81iy.html,structured_fields_extracted,1,,,,,,PEA,,,,,,,,,,,,London South East RNS mirror,Medium,RNS study stage found: PEA,2026-05-17
CAPD,Capital Limited,27th Apr 2026 10:31 am,Investor Presentation via Investor Meet Company,https://www.lse.co.uk/rns/CAPD/investor-presentation-via-investor-meet-company-ksi620fhvkcaqu7.html,rns_or_document_found_needs_review,0,,,,,,,,,,,,,,,,,,London South East RNS mirror,Medium,Technical/project RNS found; structured fields require analyst review,2026-05-17
CAPD,Capital Limited,19th Mar 2026 7:01 am,Publication of Annual Report 2025,https://www.lse.co.uk/rns/CAPD/publication-of-annual-report-2025-wx01ailp0obp6k7.html,rns_or_document_found_needs_review,0,,,,,,,,,,,,,,,,,,London South East RNS mirror,Medium,Technical/project RNS found; structured fields require analyst review,2026-05-17
CAPD,Capital Limited,18th Mar 2026 7:00 am,London Stock Exchange Presentation Details,https://www.lse.co.uk/rns/CAPD/london-stock-exchange-presentation-details-bba9n63wy99a93e.html,rns_or_document_found_needs_review,0,,,,,,,,,,,,,,,,,,London South East RNS mirror,Medium,Technical/project RNS found; structured fields require analyst review,2026-05-17
CAPD,Capital Limited,20th Oct 2025 7:00 am,Investor Presentation via Investor Meet Company,https://www.lse.co.uk/rns/CAPD/investor-presentation-via-investor-meet-company-1begc5ixe1ewtjz.html,rns_or_document_found_needs_review,0,,,,,,,,,,,,,,,,,,London South East RNS mirror,Medium,Technical/project RNS found; structured fields require analyst review,2026-05-17
CAPD,Capital Limited,7th Aug 2025 7:00 am,London Stock Exchange Presentation,https://www.lse.co.uk/rns/CAPD/london-stock-exchange-presentation-j53prge2jefbki4.html,rns_or_document_found_needs_review,0,,,,,,,,,,,,,,,,,,London South East RNS mirror,Medium,Technical/project RNS found; structured fields require analyst review,2026-05-17
CMET,Capital Metals,2nd Mar 2026 7:00 am,Project Updates & Notice of Investor Webinar,https://www.lse.co.uk/rns/CMET/project-updates-notice-of-investor-webinar-hxq1y4ee2ryiqge.html,structured_fields_extracted,4,,True,,,,FEED,,,,,,,,,1.0,,separated oxide / separation route,London South East RNS mirror,Medium,RNS metallurgical testwork found; RNS study stage found: FEED,2026-05-17
CMET,Capital Metals,11th Feb 2026 9:06 am,Publication of New National Minerals Policy,https://www.lse.co.uk/rns/CMET/publication-of-new-national-minerals-policy-krgurjwgv8b2xf6.html,structured_fields_extracted,1,,,,,,PEA,,,,,,,,,,,,London South East RNS mirror,Medium,RNS study stage found: PEA,2026-05-17
CMET,Capital Metals,17th Nov 2025 7:00 am,Mineral Resource Upgrade,https://www.lse.co.uk/rns/CMET/mineral-resource-upgrade-d6qie62xfa8q6e9.html,structured_fields_extracted,3,,,,,Reserve,PEA,,4.3,,,,,,,,,,London South East RNS mirror,Medium,RNS resource tonnage found; RNS resource confidence found: Reserve; RNS study stage found: PEA,2026-05-17
CMET,Capital Metals,6th Nov 2025 7:00 am,Industry Conference Presentation,https://www.lse.co.uk/rns/CMET/industry-conference-presentation-7aqa3ijhtgq8i5b.html,structured_fields_extracted,1,,,,,,PEA,,,,,,,,,,,,London South East RNS mirror,Medium,RNS study stage found: PEA,2026-05-17
CMET,Capital Metals,22nd Sep 2025 7:00 am,Notice of Investor Webcast & Updated Presentation,https://www.lse.co.uk/rns/CMET/notice-of-investor-webcast-updated-presentation-mtwpn7l4dvopuai.html,structured_fields_extracted,1,,,,,,PEA,,,,,,,,,,,,London South East RNS mirror,Medium,RNS study stage found: PEA,2026-05-17
CGS,Castings PLC,11th Jun 2025 7:00 am,Final Results,https://www.lse.co.uk/rns/CGS/final-results-e4v80rs439auele.html,structured_fields_extracted,1,,,,,,PEA,,,,,,,,,,,,London South East RNS mirror,Medium,RNS study stage found: PEA,2026-05-17
CGS,Castings PLC,12th Jun 2024 7:00 am,Final Results,https://www.lse.co.uk/rns/CGS/final-results-z20tqm9evr6rg5k.html,structured_fields_extracted,1,,,,,,PEA,,,,,,,,,,,,London South East RNS mirror,Medium,RNS study stage found: PEA,2026-05-17
CLA,Celsius Resources Limited,16th Feb 2026 7:00 am,Updated Corporate Presentation,https://www.lse.co.uk/rns/CLA/updated-corporate-presentation-slq6zzmkec5dzqx.html,structured_fields_extracted,1,,True,,,,,,,,,,,,,,,,London South East RNS mirror,Medium,RNS metallurgical testwork found,2026-05-17
CLA,Celsius Resources Limited,23rd Jan 2026 7:00 am,MCB DFS confirms stronger economics,https://www.lse.co.uk/rns/CLA/mcb-dfs-confirms-stronger-economics-64vubxlhzz6lvje.html,structured_fields_extracted,8,,True,92.5,,Reserve,DFS,,343.0,,,,,,,276000000.0,96.1,concentrate route,London South East RNS mirror,Medium,RNS metallurgical testwork found; RNS recovery percentage found; RNS resource tonnage found; RNS resource confidence found: Reserve; RNS study stage found: DFS,2026-05-17
CLA,Celsius Resources Limited,12th Dec 2025 7:00 am,MCB defines maiden JORC Ore Reserve Estimate,https://www.lse.co.uk/rns/CLA/mcb-defines-maiden-jorc-ore-reserve-estimate-yd2ariuf9ihv37j.html,structured_fields_extracted,6,,True,95.0,,Reserve,FEED,,343.0,,,,,,,,,metals/alloys/recycling,London South East RNS mirror,Medium,RNS metallurgical testwork found; RNS recovery percentage found; RNS resource tonnage found; RNS resource confidence found: Reserve; RNS study stage found: FEED,2026-05-17
CLA,Celsius Resources Limited,24th Nov 2025 7:00 am,Updated MCB Mineral Resource Estimate,https://www.lse.co.uk/rns/CLA/updated-mcb-mineral-resource-estimate-l4s7wva02r3kwl5.html,structured_fields_extracted,6,,True,95.0,,Reserve,FEED,,343.0,,,,,,,,,metals/alloys/recycling,London South East RNS mirror,Medium,RNS metallurgical testwork found; RNS recovery percentage found; RNS resource tonnage found; RNS resource confidence found: Reserve; RNS study stage found: FEED,2026-05-17
CLA,Celsius Resources Limited,11th Nov 2025 7:00 am,MCB metallurgical testing results,https://www.lse.co.uk/rns/CLA/mcb-metallurgical-testing-results-hzzdffyo87aohg0.html,structured_fields_extracted,7,,True,95.0,25.5,Reserve,FEED,,338.0,,,,,,,,,metals/alloys/recycling,London South East RNS mirror,Medium,RNS metallurgical testwork found; RNS recovery percentage found; RNS concentrate grade found; RNS resource tonnage found; RNS resource confidence found: Reserve; RNS study stage found: FEED,2026-05-17
CAML,Central Asia Metals,16th Apr 2026 7:00 am,Q1 2026 Operations Update,https://www.lse.co.uk/rns/CAML/q1-2026-operations-update-y32tsg713w0q6cq.html,structured_fields_extracted,3,,True,,,,FEED,,,,,,,,,,,separated oxide / separation route,London South East RNS mirror,Medium,RNS metallurgical testwork found; RNS study stage found: FEED,2026-05-17
CAML,Central Asia Metals,15th Apr 2026 9:17 am,Annual Report and Accounts 2025 and Notice of AGM,https://www.lse.co.uk/rns/CAML/annual-report-and-accounts-2025-and-notice-of-agm-gcz8lxdujk3fzep.html,structured_fields_extracted,2,,True,,,,PEA,,,,,,,,,,,,London South East RNS mirror,Medium,RNS metallurgical testwork found; RNS study stage found: PEA,2026-05-17
CAML,Central Asia Metals,3rd Mar 2026 7:00 am,Sasa Mineral Resource and Ore Reserve Statement,https://www.lse.co.uk/rns/CAML/sasa-mineral-resource-and-ore-reserve-statement-kayiudqsl4v2w38.html,structured_fields_extracted,5,,True,,,Reserve,PEA,,20.5,,,,,,,,,concentrate route,London South East RNS mirror,Medium,RNS metallurgical testwork found; RNS resource tonnage found; RNS resource confidence found: Reserve; RNS study stage found: PEA,2026-05-17
CAML,Central Asia Metals,8th Jan 2026 7:00 am,2025 Operations Update,https://www.lse.co.uk/rns/CAML/2025-operations-update-wjyu9g0u2261spz.html,structured_fields_extracted,3,,True,,,,FEED,,,,,,,,,,,separated oxide / separation route,London South East RNS mirror,Medium,RNS metallurgical testwork found; RNS study stage found: FEED,2026-05-17
CHF,Chesterfield Resources PLC,30th Apr 2026 12:54 pm,Final Results,https://www.lse.co.uk/rns/CHF/final-results-6o0tribqjlbzki1.html,structured_fields_extracted,1,,,,,,FEED,,,,,,,,,,,,London South East RNS mirror,Medium,RNS study stage found: FEED,2026-05-17
CTL,Cleantech Lithium,30th Apr 2026 7:00 am,Updated Investor Presentation,https://www.lse.co.uk/rns/CTL/updated-investor-presentation-ifl6ntmghpnbn71.html,structured_fields_extracted,2,,True,,,,PFS,,,,,,,,,,,,London South East RNS mirror,Medium,RNS metallurgical testwork found; RNS study stage found: PFS,2026-05-17
CTL,Cleantech Lithium,16th Apr 2026 7:00 am,Trials to Further Validate PFS Process Design,https://www.lse.co.uk/rns/CTL/trials-to-further-validate-pfs-process-design-pvn82nyo57abjer.html,structured_fields_extracted,3,,True,,,,FEED,,,,,,,,,,,mixed rare earth carbonate,London South East RNS mirror,Medium,RNS metallurgical testwork found; RNS study stage found: FEED,2026-05-17
CTL,Cleantech Lithium,14th Apr 2026 7:00 am,Replacement: Positive PFS Results RNS,https://www.lse.co.uk/rns/CTL/replacement-positive-pfs-results-rns-ics2m1q5d08pxjn.html,structured_fields_extracted,8,,True,90.0,,Reserve,DFS,,1.9,,,,,,,20.6,5768.0,separated oxide / separation route,London South East RNS mirror,Medium,RNS metallurgical testwork found; RNS recovery percentage found; RNS resource tonnage found; RNS resource confidence found: Reserve; RNS study stage found: DFS,2026-05-17
CTL,Cleantech Lithium,31st Mar 2026 7:00 am,Positive Pre-Feasibility Study & Reserves Declared,https://www.lse.co.uk/rns/CTL/positive-pre-feasibility-study-reserves-declared-p4en6odop88rjf9.html,structured_fields_extracted,8,,True,90.0,,Reserve,DFS,,1.9,,,,,,,20.6,5768.0,separated oxide / separation route,London South East RNS mirror,Medium,RNS metallurgical testwork found; RNS recovery percentage found; RNS resource tonnage found; RNS resource confidence found: Reserve; RNS study stage found: DFS,2026-05-17
CTL,Cleantech Lithium,10th Nov 2025 7:00 am,Laguna Verde Resource Increase,https://www.lse.co.uk/rns/CTL/laguna-verde-resource-increase-4h8fkgnapndcf4w.html,structured_fields_extracted,6,,True,90.0,,Reserve,PFS,,1.9,,,,,,,,,separated oxide / separation route,London South East RNS mirror,Medium,RNS metallurgical testwork found; RNS recovery percentage found; RNS resource tonnage found; RNS resource confidence found: Reserve; RNS study stage found: PFS,2026-05-17
COBR,Cobra Resources,5th May 2026 7:00 am,Resource Drilling Completed at Rare Earths Project,https://www.lse.co.uk/rns/COBR/resource-drilling-completed-at-rare-earths-project-arxs1hlblhlddt8.html,structured_fields_extracted,6,,True,25.0,,Reserve,PEA,,,,,,radioactivity/radionuclide handling referenced,,,,,mixed rare earth carbonate,London South East RNS mirror,Medium,RNS metallurgical testwork found; RNS recovery percentage found; RNS resource confidence found: Reserve; RNS study stage found: PEA; RNS impurity/radioactivity evidence found,2026-05-17
COBR,Cobra Resources,30th Apr 2026 10:10 am,Final Results for the Year Ended 31 December 2025,https://www.lse.co.uk/rns/COBR/final-results-for-the-year-ended-31-december-2025-sq8q6txjne7272l.html,structured_fields_extracted,6,,True,25.0,,Proven,PFS,62.4,,,,,,,,,,metals/alloys/recycling,London South East RNS mirror,Medium,RNS metallurgical testwork found; RNS recovery percentage found; RNS TREO grade found; RNS resource confidence found: Proven; RNS study stage found: PFS,2026-05-17
COBR,Cobra Resources,14th Apr 2026 7:00 am,Further High-Grade Copper Results Support Scale,https://www.lse.co.uk/rns/COBR/further-high-grade-copper-results-support-scale-4bip4pzcdl2xgv1.html,structured_fields_extracted,4,,True,,,Reserve,PEA,,,,,,,,,,,metals/alloys/recycling,London South East RNS mirror,Medium,RNS metallurgical testwork found; RNS resource confidence found: Reserve; RNS study stage found: PEA,2026-05-17
COBR,Cobra Resources,12th Mar 2026 7:00 am,Resource Drilling Commenced - Rare Earths Project,https://www.lse.co.uk/rns/COBR/resource-drilling-commenced-rare-earths-project-hu9y0z4xqem501p.html,structured_fields_extracted,5,,True,25.0,,Reserve,Scoping,,,,,,,,,,,metals/alloys/recycling,London South East RNS mirror,Medium,RNS metallurgical testwork found; RNS recovery percentage found; RNS resource confidence found: Reserve; RNS study stage found: Scoping,2026-05-17
COBR,Cobra Resources,19th Feb 2026 7:00 am,Manna Hill Drilling Complete,https://www.lse.co.uk/rns/COBR/manna-hill-drilling-complete-ieaz22y130o0lv6.html,structured_fields_extracted,3,,True,,,Reserve,,,,,,,,,,,,metals/alloys/recycling,London South East RNS mirror,Medium,RNS metallurgical testwork found; RNS resource confidence found: Reserve,2026-05-17
CRCL,Corcel,22nd Dec 2025 7:00 am,Final Results 30 June 2025 & Notice of AGM,https://www.lse.co.uk/rns/CRCL/final-results-30-june-2025-notice-of-agm-j9trry02dto4vq9.html,structured_fields_extracted,1,,,,,,PEA,,,,,,,,,,,,London South East RNS mirror,Medium,RNS study stage found: PEA,2026-05-17
CRCL,Corcel,22nd Dec 2025 7:00 am,Final Results 30 June 2025 & Notice of AGM,https://www.lse.co.uk/rns/CRCL/final-results-30-june-2025-notice-of-agm-qr5j6optznhlp3v.html,structured_fields_extracted,1,,,,,,PEA,,,,,,,,,,,,London South East RNS mirror,Medium,RNS study stage found: PEA,2026-05-17
CRCL,Corcel,19th Nov 2025 7:00 am,Investor Webinar Presentation,https://www.lse.co.uk/rns/CRCL/investor-webinar-presentation-sxrsoe4all4pnl9.html,rns_or_document_found_needs_review,0,,,,,,,,,,,,,,,,,,London South East RNS mirror,Medium,Technical/project RNS found; structured fields require analyst review,2026-05-17
CRCL,Corcel,6th Nov 2025 7:00 am,Permit for Seismic & Exploration Drilling KON-16,https://www.lse.co.uk/rns/CRCL/permit-for-seismic-exploration-drilling-kon-16-hrliy5cvs3k1fr9.html,structured_fields_extracted,1,,,,,,PEA,,,,,,,,,,,,London South East RNS mirror,Medium,RNS study stage found: PEA,2026-05-17
CRCL,Corcel,2nd Jul 2025 7:00 am,Investor Webinar Presentation,https://www.lse.co.uk/rns/CRCL/investor-webinar-presentation-9aqy507kwgspqy3.html,structured_fields_extracted,1,,True,,,,,,,,,,,,,,,,London South East RNS mirror,Medium,RNS metallurgical testwork found,2026-05-17
TIN,Cornish Metals,13th Apr 2026 7:00 am,PUBLICATION OF 2025 ANNUAL REPORT & NOTICE OF AGM,https://www.lse.co.uk/rns/TIN/publication-of-2025-annual-report-notice-of-agm-5668m2n9s8srmzx.html,rns_or_document_found_needs_review,0,,,,,,,,,,,,,,,,,,London South East RNS mirror,Medium,Technical/project RNS found; structured fields require analyst review,2026-05-17
TIN,Cornish Metals,2nd Apr 2026 7:00 am,FINAL RESULTS FOR YEAR ENDED 31 DECEMBER 2025,https://www.lse.co.uk/rns/TIN/final-results-for-year-ended-31-december-2025-28gazyr5j2wyzx7.html,structured_fields_extracted,2,,,,,,FEED,,,,,,,,,,,concentrate route,London South East RNS mirror,Medium,RNS study stage found: FEED,2026-05-17
TIN,Cornish Metals,9th Feb 2026 7:00 am,OPERATIONS UPDATE FOR THE SOUTH CROFTY TIN PROJECT,https://www.lse.co.uk/rns/TIN/operations-update-for-the-south-crofty-tin-project-gm2nurte26zibrs.html,structured_fields_extracted,2,,,,,Inferred,FEED,,,,,,,,,,,,London South East RNS mirror,Medium,RNS resource confidence found: Inferred; RNS study stage found: FEED,2026-05-17
TIN,Cornish Metals,30th Jun 2008 2:51 pm,Interim Results,https://www.lse.co.uk/rns/TIN/interim-results-cnt7b0sqvds2z3n.html,structured_fields_extracted,1,,,,,,PEA,,,,,,,,,,,,London South East RNS mirror,Medium,RNS study stage found: PEA,2026-05-17
TIN,Cornish Metals,31st Mar 2008 2:02 pm,Annual Report and Accounts,https://www.lse.co.uk/rns/TIN/annual-report-and-accounts-2cff5n4419hap58.html,rns_or_document_found_needs_review,0,,,,,,,,,,,,,,,,,,London South East RNS mirror,Medium,Technical/project RNS found; structured fields require analyst review,2026-05-17
CRTM,Critical Metals,3rd Feb 2026 7:00 am,Interim Results,https://www.lse.co.uk/rns/CRTM/interim-results-ejfstwehbvjqz21.html,rns_or_document_found_needs_review,0,,,,,,,,,,,,,,,,,,London South East RNS mirror,Medium,Technical/project RNS found; structured fields require analyst review,2026-05-17
CRTM,Critical Metals,7th Nov 2025 9:01 am,Final Results,https://www.lse.co.uk/rns/CRTM/final-results-8w7nlx4938lzygr.html,structured_fields_extracted,2,,,,,Reserve,PEA,,,,,,,,,,,,London South East RNS mirror,Medium,RNS resource confidence found: Reserve; RNS study stage found: PEA,2026-05-17
CRTM,Critical Metals,3rd Nov 2025 7:54 am,Delay to the Publication of Final Results,https://www.lse.co.uk/rns/CRTM/delay-to-the-publication-of-final-results-nakts542p9etd8w.html,rns_or_document_found_needs_review,0,,,,,,,,,,,,,,,,,,London South East RNS mirror,Medium,Technical/project RNS found; structured fields require analyst review,2026-05-17
CRTM,Critical Metals,31st Mar 2025 7:00 am,Interim Results,https://www.lse.co.uk/rns/CRTM/interim-results-rd9nvefgto3vsgn.html,rns_or_document_found_needs_review,0,,,,,,,,,,,,,,,,,,London South East RNS mirror,Medium,Technical/project RNS found; structured fields require analyst review,2026-05-17
CRTM,Critical Metals,30th Oct 2024 2:11 pm,Final Results,https://www.lse.co.uk/rns/CRTM/final-results-vjjdpedonug8oda.html,structured_fields_extracted,2,,,,,Reserve,PEA,,,,,,,,,,,,London South East RNS mirror,Medium,RNS resource confidence found: Reserve; RNS study stage found: PEA,2026-05-17
CMRS,Critical Mineral Resources PLC,29th Apr 2026 7:00 am,Drilling Results,https://www.lse.co.uk/rns/CMRS/drilling-results-g1awsg4u79jx3xp.html,structured_fields_extracted,3,,True,,,Reserve,DFS,,,,,,,,,,,,London South East RNS mirror,Medium,RNS metallurgical testwork found; RNS resource confidence found: Reserve; RNS study stage found: DFS,2026-05-17
CMRS,Critical Mineral Resources PLC,23rd Apr 2026 7:00 am,Drilling update,https://www.lse.co.uk/rns/CMRS/drilling-update-tubmiubyd2vyp2z.html,structured_fields_extracted,5,,True,100.0,,Reserve,PEA,,25.0,,,,,,,,,,London South East RNS mirror,Medium,RNS metallurgical testwork found; RNS recovery percentage found; RNS resource tonnage found; RNS resource confidence found: Reserve; RNS study stage found: PEA,2026-05-17
CMRS,Critical Mineral Resources PLC,18th Mar 2026 7:00 am,Drilling Update,https://www.lse.co.uk/rns/CMRS/drilling-update-0jluq3byumhio1d.html,structured_fields_extracted,3,,True,,,Reserve,DFS,,,,,,,,,,,,London South East RNS mirror,Medium,RNS metallurgical testwork found; RNS resource confidence found: Reserve; RNS study stage found: DFS,2026-05-17
CMRS,Critical Mineral Resources PLC,26th Feb 2026 7:00 am,Mining Licence,https://www.lse.co.uk/rns/CMRS/mining-licence-xph44sa8nl14zmt.html,rns_or_document_found_needs_review,0,,,,,,,,,,,,,,,,,,London South East RNS mirror,Medium,Technical/project RNS found; structured fields require analyst review,2026-05-17
CMRS,Critical Mineral Resources PLC,3rd Feb 2026 7:00 am,Drilling update,https://www.lse.co.uk/rns/CMRS/drilling-update-ry3ruykz8ktjrvi.html,rns_or_document_found_needs_review,0,,,,,,,,,,,,,,,,,,London South East RNS mirror,Medium,Technical/project RNS found; structured fields require analyst review,2026-05-17
EST,East Star Reso,12th May 2026 7:00 am,Final Results,https://www.lse.co.uk/rns/EST/final-results-uegej5foghlj7um.html,structured_fields_extracted,4,,True,,,Reserve,PEA,,,,,,,,,,,metals/alloys/recycling,London South East RNS mirror,Medium,RNS metallurgical testwork found; RNS resource confidence found: Reserve; RNS study stage found: PEA,2026-05-17
EST,East Star Reso,1st May 2026 8:03 am,Delay to Publication of Final Results,https://www.lse.co.uk/rns/EST/delay-to-publication-of-final-results-nd9h1w3h8ur38tk.html,structured_fields_extracted,1,,,,,Exploration target,,,,,,,,,,,,,London South East RNS mirror,Medium,RNS resource confidence found: Exploration target,2026-05-17
EST,East Star Reso,19th Mar 2026 7:00 am,Copper JV Agreement Signed with Xinhai Mining,https://www.lse.co.uk/rns/EST/copper-jv-agreement-signed-with-xinhai-mining-wsy22n9lk05m8vh.html,structured_fields_extracted,3,,True,,,Inferred,,,20.3,,,,,,,,,,London South East RNS mirror,Medium,RNS metallurgical testwork found; RNS resource tonnage found; RNS resource confidence found: Inferred,2026-05-17
EST,East Star Reso,13th Feb 2026 7:58 am,Notice of Investor Presentation,https://www.lse.co.uk/rns/EST/notice-of-investor-presentation-4kyk9zcdw6ar5yx.html,structured_fields_extracted,1,,,,,Exploration target,,,,,,,,,,,,,London South East RNS mirror,Medium,RNS resource confidence found: Exploration target,2026-05-17
EST,East Star Reso,31st Dec 2025 7:00 am,VMS Drilling Update,https://www.lse.co.uk/rns/EST/vms-drilling-update-7ukich0ze1503y9.html,structured_fields_extracted,5,,True,96.0,,Reserve,PEA,,,,,,,,,,,metals/alloys/recycling,London South East RNS mirror,Medium,RNS metallurgical testwork found; RNS recovery percentage found; RNS resource confidence found: Reserve; RNS study stage found: PEA,2026-05-17
ECOR,Ecora Royalties PLC,7th Apr 2026 2:40 pm,Investor Presentation via Engage Investor,https://www.lse.co.uk/rns/ECOR/investor-presentation-via-engage-investor-3of6jj51mha9xfu.html,structured_fields_extracted,1,,True,,,,,,,,,,,,,,,,London South East RNS mirror,Medium,RNS metallurgical testwork found,2026-05-17
ECOR,Ecora Royalties PLC,10th Mar 2026 7:00 am,Cañariaco Project Update,https://www.lse.co.uk/rns/ECOR/ca241ariaco-project-update-z2jyxk54k7ujx8t.html,structured_fields_extracted,2,,True,,,,PEA,,,,,,,,,,,,London South East RNS mirror,Medium,RNS metallurgical testwork found; RNS study stage found: PEA,2026-05-17
ECOR,Ecora Royalties PLC,9th Feb 2026 11:25 am,Phalaborwa Rare Earths Project Update,https://www.lse.co.uk/rns/ECOR/phalaborwa-rare-earths-project-update-uv8r7yca3brqdww.html,structured_fields_extracted,4,,True,,,,FEED,55.0,,,,,,,,,,separated oxide / separation route,London South East RNS mirror,Medium,RNS metallurgical testwork found; RNS TREO grade found; RNS study stage found: FEED,2026-05-17
ECOR,Ecora Royalties PLC,15th Dec 2025 2:14 pm,Cañariaco Project Update,https://www.lse.co.uk/rns/ECOR/ca241ariaco-project-update-a2ogf9yn3wh8afh.html,structured_fields_extracted,3,,True,,,Reserve,PEA,,,,,,,,,,,,London South East RNS mirror,Medium,RNS metallurgical testwork found; RNS resource confidence found: Reserve; RNS study stage found: PEA,2026-05-17
ECOR,Ecora Royalties PLC,25th Nov 2025 11:28 am,Phalaborwa Rare Earths Project Update,https://www.lse.co.uk/rns/ECOR/phalaborwa-rare-earths-project-update-1iq2autwxbm0yt6.html,structured_fields_extracted,5,,True,,,Reserve,DFS,,,,,99.5,,,,,,separated oxide / separation route,London South East RNS mirror,Medium,RNS metallurgical testwork found; RNS NdPr basket evidence found; RNS resource confidence found: Reserve; RNS study stage found: DFS,2026-05-17
EML,Emmerson Plc,30th Sep 2025 7:00 am,Interim Results,https://www.lse.co.uk/rns/EML/interim-results-ozlwi3dc9pduak5.html,structured_fields_extracted,1,,,,,Reserve,,,,,,,,,,,,,London South East RNS mirror,Medium,RNS resource confidence found: Reserve,2026-05-17
EML,Emmerson Plc,27th Sep 2024 7:00 am,Interim Results and Q3 Update,https://www.lse.co.uk/rns/EML/interim-results-and-q3-update-hkbemdkblsxemcp.html,structured_fields_extracted,3,,,,,Reserve,FEED,,537.0,,,,,,,,,,London South East RNS mirror,Medium,RNS resource tonnage found; RNS resource confidence found: Reserve; RNS study stage found: FEED,2026-05-17
EML,Emmerson Plc,31st May 2024 7:00 am,Notice of AGM and Posting of Annual Report,https://www.lse.co.uk/rns/EML/notice-of-agm-and-posting-of-annual-report-wlxf08hrswnahcz.html,structured_fields_extracted,2,,,,,,FEED,,537.0,,,,,,,,,,London South East RNS mirror,Medium,RNS resource tonnage found; RNS study stage found: FEED,2026-05-17
EML,Emmerson Plc,1st Feb 2024 7:00 am,Scoping Study on Breakthrough New Processing Route,https://www.lse.co.uk/rns/EML/scoping-study-on-breakthrough-new-processing-route-k6wv2789hdm2uzy.html,structured_fields_extracted,8,,True,85.0,,Reserve,DFS,,537.0,,,,,,,525000000.0,2020.0,separated oxide / separation route,London South East RNS mirror,Medium,RNS metallurgical testwork found; RNS recovery percentage found; RNS resource tonnage found; RNS resource confidence found: Reserve; RNS study stage found: DFS,2026-05-17
EML,Emmerson Plc,26th Sep 2023 7:00 am,Interim Results for the six months to 30 June 2023,https://www.lse.co.uk/rns/EML/interim-results-for-the-six-months-to-30-june-2023-vx4a9a70uf6j77j.html,structured_fields_extracted,3,,,,,Reserve,DFS,,537.0,,,,,,,,,,London South East RNS mirror,Medium,RNS resource tonnage found; RNS resource confidence found: Reserve; RNS study stage found: DFS,2026-05-17
EEE,Empire Metals,5th May 2026 7:00 am,Completion of Drill Campaign,https://www.lse.co.uk/rns/EEE/completion-of-drill-campaign-k3u0ztlgbv66pij.html,structured_fields_extracted,3,,,,,Reserve,FEED,,,,,,,,,,,metals/alloys/recycling,London South East RNS mirror,Medium,RNS resource confidence found: Reserve; RNS study stage found: FEED,2026-05-17
EEE,Empire Metals,31st Mar 2026 7:00 am,Eclipse Mining Licence Sale Extension,https://www.lse.co.uk/rns/EEE/eclipse-mining-licence-sale-extension-3dvwg11xah6qq2l.html,structured_fields_extracted,1,,,,,,FEED,,,,,,,,,,,,London South East RNS mirror,Medium,RNS study stage found: FEED,2026-05-17
EEE,Empire Metals,23rd Mar 2026 7:00 am,Final Results,https://www.lse.co.uk/rns/EEE/final-results-2xorn6smk9v9a8w.html,structured_fields_extracted,5,,True,99.25,,Measured,FEED,,,,,,,,,,,concentrate route,London South East RNS mirror,Medium,RNS metallurgical testwork found; RNS recovery percentage found; RNS resource confidence found: Measured; RNS study stage found: FEED,2026-05-17
EEE,Empire Metals,17th Mar 2026 7:00 am,Diamond Drilling Results,https://www.lse.co.uk/rns/EEE/diamond-drilling-results-1u5sc81omrd8scz.html,structured_fields_extracted,4,,True,97.0,,Reserve,FEED,,,,,,,,,,,,London South East RNS mirror,Medium,RNS metallurgical testwork found; RNS recovery percentage found; RNS resource confidence found: Reserve; RNS study stage found: FEED,2026-05-17
EEE,Empire Metals,17th Mar 2026 7:00 am,Diamond Drilling Results,https://www.lse.co.uk/rns/EEE/diamond-drilling-results-usjc9j5wdijs4vm.html,structured_fields_extracted,4,,True,97.0,,Reserve,FEED,,,,,,,,,,,,London South East RNS mirror,Medium,RNS metallurgical testwork found; RNS recovery percentage found; RNS resource confidence found: Reserve; RNS study stage found: FEED,2026-05-17
EGT,European Green Transition,23rd Mar 2026 7:00 am,UK proposals to increase onshore wind capacity,https://www.lse.co.uk/rns/EGT/uk-proposals-to-increase-onshore-wind-capacity-cyf2bkp4n1xsqz5.html,structured_fields_extracted,1,,,,,,PEA,,,,,,,,,,,,London South East RNS mirror,Medium,RNS study stage found: PEA,2026-05-17
EGT,European Green Transition,16th Mar 2026 7:00 am,Investor Presentation via Investor Meet Company,https://www.lse.co.uk/rns/EGT/investor-presentation-via-investor-meet-company-ewj213clm1avrm4.html,structured_fields_extracted,1,,,,,,PEA,,,,,,,,,,,,London South East RNS mirror,Medium,RNS study stage found: PEA,2026-05-17
EGT,European Green Transition,16th Mar 2026 7:00 am,Investor Presentation via Investor Meet Company,https://www.lse.co.uk/rns/EGT/investor-presentation-via-investor-meet-company-3kxknjona9blupt.html,structured_fields_extracted,1,,,,,,PEA,,,,,,,,,,,,London South East RNS mirror,Medium,RNS study stage found: PEA,2026-05-17
EGT,European Green Transition,24th Sep 2025 7:00 am,Interim Results and M&A Strategy Update,https://www.lse.co.uk/rns/EGT/interim-results-and-ma-strategy-update-iikae98r9c2eh8s.html,structured_fields_extracted,2,,,,,,PEA,,,,,,,,,,,metals/alloys/recycling,London South East RNS mirror,Medium,RNS study stage found: PEA,2026-05-17
EGT,European Green Transition,17th Dec 2024 7:00 am,Final Olserum Drilling Results,https://www.lse.co.uk/rns/EGT/final-olserum-drilling-results-p6shx5jsmir5h09.html,structured_fields_extracted,9,"monazite, xenotime, apatite",True,95.0,,Reserve,PEA,0.48,,,,,radioactivity/radionuclide handling referenced,,336.0,,,metals/alloys/recycling,London South East RNS mirror,Medium,RNS mineralogy evidence found; RNS metallurgical testwork found; RNS recovery percentage found; RNS TREO grade found; RNS resource confidence found: Reserve; RNS study stage found: PEA; RNS impurity/radioactivity evidence found,2026-05-17
EMH,European Metals Holdings,22nd Jan 2026 9:13 am,Investor Presentation,https://www.lse.co.uk/rns/EMH/investor-presentation-p8m6qolf4vicrik.html,structured_fields_extracted,2,,True,,,,PEA,,,,,,,,,,,,London South East RNS mirror,Medium,RNS metallurgical testwork found; RNS study stage found: PEA,2026-05-17
EMH,European Metals Holdings,21st Jan 2026 7:54 am,European Metals Finalises A$3.5m Placement,https://www.lse.co.uk/rns/EMH/european-metals-finalises-a35m-placement-rpzcy6gf5tpu62r.html,structured_fields_extracted,6,,True,100.0,,Reserve,DFS,,54.4,,,,,,,,,mixed rare earth carbonate,London South East RNS mirror,Medium,RNS metallurgical testwork found; RNS recovery percentage found; RNS resource tonnage found; RNS resource confidence found: Reserve; RNS study stage found: DFS,2026-05-17
EMH,European Metals Holdings,23rd Dec 2025 11:38 am,Updated EMH DFS at Cinovec Project,https://www.lse.co.uk/rns/EMH/updated-emh-dfs-at-cinovec-project-qq2y7l2hhc988mz.html,structured_fields_extracted,8,,True,54.0,1.44,Reserve,DFS,,747.54,,,,,,,1720000000.0,,metals/alloys/recycling,London South East RNS mirror,Medium,RNS metallurgical testwork found; RNS recovery percentage found; RNS concentrate grade found; RNS resource tonnage found; RNS resource confidence found: Reserve; RNS study stage found: DFS,2026-05-17
EMH,European Metals Holdings,19th Dec 2025 12:33 pm,Cinovec DFS & Mineral Reserve and Resource Updated,https://www.lse.co.uk/rns/EMH/cinovec-dfs-mineral-reserve-and-resource-updated-v8uhsw2qa3pxtxl.html,structured_fields_extracted,8,,True,89.0,1.44,Reserve,DFS,,747.54,,,,,,,1720000000.0,,metals/alloys/recycling,London South East RNS mirror,Medium,RNS metallurgical testwork found; RNS recovery percentage found; RNS concentrate grade found; RNS resource tonnage found; RNS resource confidence found: Reserve; RNS study stage found: DFS,2026-05-17
EMH,European Metals Holdings,18th Aug 2025 7:59 am,Funding Pathway Secured to Complete Cinovec DFS,https://www.lse.co.uk/rns/EMH/funding-pathway-secured-to-complete-cinovec-dfs-ihpbh8s2p4pldiw.html,structured_fields_extracted,2,,True,,,,DFS,,,,,,,,,,,,London South East RNS mirror,Medium,RNS metallurgical testwork found; RNS study stage found: DFS,2026-05-17
EVR,Evraz,27th Feb 2023 7:00 am,CLARIFICATION ON ANNUAL REPORT AND AUDITED FINANCIAL STATEMENTS FOR 2022,https://www.lse.co.uk/rns/EVR/clarification-on-annual-report-and-audited-financial-statements-for-2022-qjbzokqqb8qnum2.html,rns_or_document_found_needs_review,0,,,,,,,,,,,,,,,,,,London South East RNS mirror,Medium,Technical/project RNS found; structured fields require analyst review,2026-05-17
FXPO,Ferrexpo,6th Aug 2025 7:00 am,Interim Results for six months ended 30 June 2025,https://www.lse.co.uk/rns/FXPO/interim-results-for-six-months-ended-30-june-2025-4nhxevhdgk1qn27.html,structured_fields_extracted,6,,True,65.0,,Reserve,DFS,,,,,,,,,28000000.0,,metals/alloys/recycling,London South East RNS mirror,Medium,RNS metallurgical testwork found; RNS recovery percentage found; RNS resource confidence found: Reserve; RNS study stage found: DFS,2026-05-17
FXPO,Ferrexpo,31st Jul 2024 12:28 pm,Interim Results for six months ended 30 June 2024,https://www.lse.co.uk/rns/FXPO/interim-results-for-six-months-ended-30-june-2024-wyqdff6sfr976e3.html,structured_fields_extracted,5,,True,80.0,,Reserve,DFS,,,,,,,,,,,metals/alloys/recycling,London South East RNS mirror,Medium,RNS metallurgical testwork found; RNS recovery percentage found; RNS resource confidence found: Reserve; RNS study stage found: DFS,2026-05-17
FXPO,Ferrexpo,31st Jul 2024 7:00 am,Interim Results for six months ended 30 June 2024,https://www.lse.co.uk/rns/FXPO/interim-results-for-six-months-ended-30-june-2024-u77d4ozh5vxpgoc.html,structured_fields_extracted,5,,True,80.0,,Reserve,DFS,,,,,,,,,,,metals/alloys/recycling,London South East RNS mirror,Medium,RNS metallurgical testwork found; RNS recovery percentage found; RNS resource confidence found: Reserve; RNS study stage found: DFS,2026-05-17
FXPO,Ferrexpo,30th Jul 2024 5:50 pm,Interim Results Advisory,https://www.lse.co.uk/rns/FXPO/interim-results-advisory-s8qsiy5qlf3ai4w.html,rns_or_document_found_needs_review,0,,,,,,,,,,,,,,,,,,London South East RNS mirror,Medium,Technical/project RNS found; structured fields require analyst review,2026-05-17
FAR,Ferro-alloy Resources Limited,30th Apr 2026 7:00 am,2025 Final Results,https://www.lse.co.uk/rns/FAR/2025-final-results-efj437bgma51pml.html,structured_fields_extracted,7,,True,86.2,,Reserve,DFS,,32.9,,,,radioactivity/radionuclide handling referenced,,,,,metals/alloys/recycling,London South East RNS mirror,Medium,RNS metallurgical testwork found; RNS recovery percentage found; RNS resource tonnage found; RNS resource confidence found: Reserve; RNS study stage found: DFS; RNS impurity/radioactivity evidence found,2026-05-17
FAR,Ferro-alloy Resources Limited,13th Oct 2025 7:00 am,Positive Feasibility Study Results,https://www.lse.co.uk/rns/FAR/positive-feasibility-study-results-yt33ivmkl8eupte.html,structured_fields_extracted,7,,True,86.2,,Reserve,FEED,,32.9,,,,radioactivity/radionuclide handling referenced,,,,,metals/alloys/recycling,London South East RNS mirror,Medium,RNS metallurgical testwork found; RNS recovery percentage found; RNS resource tonnage found; RNS resource confidence found: Reserve; RNS study stage found: FEED; RNS impurity/radioactivity evidence found,2026-05-17
FAR,Ferro-alloy Resources Limited,30th Sep 2025 7:00 am,Interim Results and feasibility study update,https://www.lse.co.uk/rns/FAR/interim-results-and-feasibility-study-update-tzkwmfwee3hvvss.html,structured_fields_extracted,5,,True,,,Reserve,PEA,,32.9,,,,,,,,,concentrate route,London South East RNS mirror,Medium,RNS metallurgical testwork found; RNS resource tonnage found; RNS resource confidence found: Reserve; RNS study stage found: PEA,2026-05-17
FAR,Ferro-alloy Resources Limited,27th Jun 2025 7:00 am,CBS Product Update and Feasibility Study Update,https://www.lse.co.uk/rns/FAR/cbs-product-update-and-feasibility-study-update-k6jqj6t4x6ntjwl.html,structured_fields_extracted,5,,True,,,Reserve,PEA,,32.9,,,,,,,,,concentrate route,London South East RNS mirror,Medium,RNS metallurgical testwork found; RNS resource tonnage found; RNS resource confidence found: Reserve; RNS study stage found: PEA,2026-05-17
FAR,Ferro-alloy Resources Limited,30th Apr 2025 7:00 am,2024 Final Results,https://www.lse.co.uk/rns/FAR/2024-final-results-18q09mfhg10b7yf.html,structured_fields_extracted,7,,True,97.0,,Reserve,FEED,,32.9,,,,radioactivity/radionuclide handling referenced,,,,,metals/alloys/recycling,London South East RNS mirror,Medium,RNS metallurgical testwork found; RNS recovery percentage found; RNS resource tonnage found; RNS resource confidence found: Reserve; RNS study stage found: FEED; RNS impurity/radioactivity evidence found,2026-05-17
FRG,Firering Strategic Minerals,2nd Apr 2026 7:00 am,Operations Update,https://www.lse.co.uk/rns/FRG/operations-update-1rzixzv5j5kgn22.html,rns_or_document_found_needs_review,0,,,,,,,,,,,,,,,,,,London South East RNS mirror,Medium,Technical/project RNS found; structured fields require analyst review,2026-05-17
FRG,Firering Strategic Minerals,16th Mar 2026 7:00 am,Operations Update,https://www.lse.co.uk/rns/FRG/operations-update-6th16zyomephkt9.html,structured_fields_extracted,1,,,,,,FEED,,,,,,,,,,,,London South East RNS mirror,Medium,RNS study stage found: FEED,2026-05-17
FRG,Firering Strategic Minerals,16th Mar 2026 7:00 am,Operations Update,https://www.lse.co.uk/rns/FRG/operations-update-k5c7dwxujishaws.html,structured_fields_extracted,1,,,,,,FEED,,,,,,,,,,,,London South East RNS mirror,Medium,RNS study stage found: FEED,2026-05-17
FRG,Firering Strategic Minerals,10th Feb 2026 7:00 am,Operations Update,https://www.lse.co.uk/rns/FRG/operations-update-wm2gvim8nq48k9j.html,structured_fields_extracted,1,,,,,,PEA,,,,,,,,,,,,London South East RNS mirror,Medium,RNS study stage found: PEA,2026-05-17
FRG,Firering Strategic Minerals,21st Jan 2026 7:00 am,Corporate and Operations Update,https://www.lse.co.uk/rns/FRG/corporate-and-operations-update-ta76uunhmqtnz0p.html,rns_or_document_found_needs_review,0,,,,,,,,,,,,,,,,,,London South East RNS mirror,Medium,Technical/project RNS found; structured fields require analyst review,2026-05-17
FCM,First Class Metals PLC,30th Apr 2026 6:09 pm,Annual Report and Financial Statements,https://www.lse.co.uk/rns/FCM/annual-report-and-financial-statements-ip61u3c03nilpgt.html,structured_fields_extracted,3,,,,,Reserve,FEED,,,,,,,,,,,metals/alloys/recycling,London South East RNS mirror,Medium,RNS resource confidence found: Reserve; RNS study stage found: FEED,2026-05-17
FCM,First Class Metals PLC,2nd Mar 2026 7:00 am,Sunbeam Property Drilling Update,https://www.lse.co.uk/rns/FCM/sunbeam-property-drilling-update-mxrc9ek2kcatbh2.html,structured_fields_extracted,4,,,,,Reserve,FEED,,9.9,,,,,,,,,metals/alloys/recycling,London South East RNS mirror,Medium,RNS resource tonnage found; RNS resource confidence found: Reserve; RNS study stage found: FEED,2026-05-17
FCM,First Class Metals PLC,23rd Feb 2026 7:00 am,Sunbeam Property Exploration Update,https://www.lse.co.uk/rns/FCM/sunbeam-property-exploration-update-nsti6q0avwnl4b3.html,structured_fields_extracted,4,,,,,Reserve,FEED,,9.9,,,,,,,,,metals/alloys/recycling,London South East RNS mirror,Medium,RNS resource tonnage found; RNS resource confidence found: Reserve; RNS study stage found: FEED,2026-05-17
FCM,First Class Metals PLC,20th Feb 2026 11:27 am,North Hemlo Drilling Update,https://www.lse.co.uk/rns/FCM/north-hemlo-drilling-update-6tohuil3cu9cnzf.html,structured_fields_extracted,3,,,,,Proven,PEA,,9.9,,,,,,,,,,London South East RNS mirror,Medium,RNS resource tonnage found; RNS resource confidence found: Proven; RNS study stage found: PEA,2026-05-17
FCM,First Class Metals PLC,19th Feb 2026 7:00 am,Roy: Drill Mobilised & Drill Preparation Commenced,https://www.lse.co.uk/rns/FCM/roy-drill-mobilised-drill-preparation-commenced-8bltbn3a0z89os0.html,structured_fields_extracted,3,,,,,Proven,PEA,,9.9,,,,,,,,,,London South East RNS mirror,Medium,RNS resource tonnage found; RNS resource confidence found: Proven; RNS study stage found: PEA,2026-05-17
1SN,First Tin PLC,30th Apr 2026 7:00 am,Updated Mineral Resource Estimate,https://www.lse.co.uk/rns/1SN/updated-mineral-resource-estimate-luv9nluqkzxlol4.html,structured_fields_extracted,7,,True,100.0,60.0,Reserve,DFS,,132.0,,,,,,,,,metals/alloys/recycling,London South East RNS mirror,Medium,RNS metallurgical testwork found; RNS recovery percentage found; RNS concentrate grade found; RNS resource tonnage found; RNS resource confidence found: Reserve; RNS study stage found: DFS,2026-05-17
1SN,First Tin PLC,25th Feb 2026 7:00 am,Interim Results,https://www.lse.co.uk/rns/1SN/interim-results-u3ip0tgmp4bgh3j.html,structured_fields_extracted,4,,True,,,Measured,DFS,,,,,,,,,,,concentrate route,London South East RNS mirror,Medium,RNS metallurgical testwork found; RNS resource confidence found: Measured; RNS study stage found: DFS,2026-05-17
1SN,First Tin PLC,20th Feb 2026 7:00 am,Notice of Results and Investor Presentation,https://www.lse.co.uk/rns/1SN/notice-of-results-and-investor-presentation-0o2dxxc8gesfxoa.html,rns_or_document_found_needs_review,0,,,,,,,,,,,,,,,,,,London South East RNS mirror,Medium,Technical/project RNS found; structured fields require analyst review,2026-05-17
1SN,First Tin PLC,18th Dec 2025 7:00 am,Results from Taronga Tin Drilling Programme,https://www.lse.co.uk/rns/1SN/results-from-taronga-tin-drilling-programme-vu17xg6z3ugxwfz.html,structured_fields_extracted,5,,True,100.0,,Reserve,DFS,,,,,,,,,,,metals/alloys/recycling,London South East RNS mirror,Medium,RNS metallurgical testwork found; RNS recovery percentage found; RNS resource confidence found: Reserve; RNS study stage found: DFS,2026-05-17
1SN,First Tin PLC,4th Nov 2025 7:00 am,Taronga Tin Project – Drilling Update,https://www.lse.co.uk/rns/1SN/taronga-tin-project-8211-drilling-update-in14cryslbfygy9.html,structured_fields_extracted,5,,True,100.0,,Reserve,DFS,,,,,,,,,,,metals/alloys/recycling,London South East RNS mirror,Medium,RNS metallurgical testwork found; RNS recovery percentage found; RNS resource confidence found: Reserve; RNS study stage found: DFS,2026-05-17
FOX,Focus Xplore,17th Oct 2025 7:00 am,"AI Exploration Update, Financing & Issue of Equity",https://www.lse.co.uk/rns/FOX/ai-exploration-update-financing-issue-of-equity-u78jg5efks7ac5g.html,structured_fields_extracted,4,,True,,,Exploration target,,,,,,,radioactivity/radionuclide handling referenced,,,,,concentrate route,London South East RNS mirror,Medium,RNS metallurgical testwork found; RNS resource confidence found: Exploration target; RNS impurity/radioactivity evidence found,2026-05-17
FOX,Focus Xplore,28th Aug 2025 7:00 am,Exploration Update,https://www.lse.co.uk/rns/FOX/exploration-update-w2d9bj2whrddk4r.html,structured_fields_extracted,5,,True,,,Exploration target,PEA,,,,,,radioactivity/radionuclide handling referenced,,,,,metals/alloys/recycling,London South East RNS mirror,Medium,RNS metallurgical testwork found; RNS resource confidence found: Exploration target; RNS study stage found: PEA; RNS impurity/radioactivity evidence found,2026-05-17
FOX,Focus Xplore,30th Jul 2025 7:00 am,Exploration Update,https://www.lse.co.uk/rns/FOX/exploration-update-uy9t08xkxyyu4mw.html,structured_fields_extracted,3,,True,,,,PEA,,,,,,,,,,,metals/alloys/recycling,London South East RNS mirror,Medium,RNS metallurgical testwork found; RNS study stage found: PEA,2026-05-17
FOX,Focus Xplore,5th Jun 2025 1:10 pm,Posting of Annual Report and Notice of AGM,https://www.lse.co.uk/rns/FOX/posting-of-annual-report-and-notice-of-agm-0gqmudt0vw65o12.html,structured_fields_extracted,1,,True,,,,,,,,,,,,,,,,London South East RNS mirror,Medium,RNS metallurgical testwork found,2026-05-17
FOX,Focus Xplore,3rd Jun 2025 7:00 am,Final Results 2024,https://www.lse.co.uk/rns/FOX/final-results-2024-saw9hu0gucbdq5q.html,structured_fields_extracted,4,,True,,,Reserve,,,,,,,radioactivity/radionuclide handling referenced,,,,,metals/alloys/recycling,London South East RNS mirror,Medium,RNS metallurgical testwork found; RNS resource confidence found: Reserve; RNS impurity/radioactivity evidence found,2026-05-17
FMET,Fulcrum Metals PLC,5th May 2026 7:00 am,£6M Funding Secured to Fully Fund Pilot Plant,https://www.lse.co.uk/rns/FMET/1636m-funding-secured-to-fully-fund-pilot-plant-js35shsvea0t9wz.html,structured_fields_extracted,3,,True,,,Reserve,PEA,,,,,,,,,,,,London South East RNS mirror,Medium,RNS metallurgical testwork found; RNS resource confidence found: Reserve; RNS study stage found: PEA,2026-05-17
FMET,Fulcrum Metals PLC,24th Mar 2026 7:00 am,Multi-element assay results at Teck Hughes,https://www.lse.co.uk/rns/FMET/multi-element-assay-results-at-teck-hughes-sohkjltpuk6c7x1.html,structured_fields_extracted,3,,True,,,,PEA,,,,,,,,,,,mixed rare earth carbonate,London South East RNS mirror,Medium,RNS metallurgical testwork found; RNS study stage found: PEA,2026-05-17
FMET,Fulcrum Metals PLC,2nd Mar 2026 7:00 am,Multi-element analysis & pilot plant update,https://www.lse.co.uk/rns/FMET/multi-element-analysis-pilot-plant-update-wolqyp0fd6bpeln.html,structured_fields_extracted,2,,True,,,,PEA,,,,,,,,,,,,London South East RNS mirror,Medium,RNS metallurgical testwork found; RNS study stage found: PEA,2026-05-17
FMET,Fulcrum Metals PLC,11th Feb 2026 7:00 am,Fulcrum initiates Pilot Plant Scoping Study,https://www.lse.co.uk/rns/FMET/fulcrum-initiates-pilot-plant-scoping-study-8gokxmr212f7qnq.html,structured_fields_extracted,2,,True,,,,Scoping,,,,,,,,,,,,London South East RNS mirror,Medium,RNS metallurgical testwork found; RNS study stage found: Scoping,2026-05-17
FMET,Fulcrum Metals PLC,9th Feb 2026 7:00 am,Teck Hughes Tailings Project Update,https://www.lse.co.uk/rns/FMET/teck-hughes-tailings-project-update-tumj57uqch7xnr3.html,structured_fields_extracted,4,,True,31.0,,,PFS,,,,,,,,,,,separated oxide / separation route,London South East RNS mirror,Medium,RNS metallurgical testwork found; RNS recovery percentage found; RNS study stage found: PFS,2026-05-17
GLR,Galileo Resources PLC,2nd Mar 2026 7:00 am,Update on Drill Targeting at Ferber Property,https://www.lse.co.uk/rns/GLR/update-on-drill-targeting-at-ferber-property-a8z1n1e6ksmllvv.html,structured_fields_extracted,3,,True,,,,PEA,,,,,,,,,,,mixed rare earth carbonate,London South East RNS mirror,Medium,RNS metallurgical testwork found; RNS study stage found: PEA,2026-05-17
GLR,Galileo Resources PLC,20th Jan 2026 7:00 am,Kalahari Copperbelt Drilling – Assay Results,https://www.lse.co.uk/rns/GLR/kalahari-copperbelt-drilling-8211-assay-results-2oiuw558f08xbww.html,structured_fields_extracted,1,,,,,,PEA,,,,,,,,,,,,London South East RNS mirror,Medium,RNS study stage found: PEA,2026-05-17
GLR,Galileo Resources PLC,4th Dec 2025 7:00 am,"Exploration Update from Ferber Property, Nevada",https://www.lse.co.uk/rns/GLR/exploration-update-from-ferber-property-nevada-jeuwi01tznf3qqh.html,structured_fields_extracted,3,,True,,,,PEA,,,,,,,,,,,metals/alloys/recycling,London South East RNS mirror,Medium,RNS metallurgical testwork found; RNS study stage found: PEA,2026-05-17
GLR,Galileo Resources PLC,3rd Dec 2025 7:00 am,"Molefe Project Drilling Update, Zambia",https://www.lse.co.uk/rns/GLR/molefe-project-drilling-update-zambia-p2v0g8douz0g351.html,structured_fields_extracted,1,,,,,,PEA,,,,,,,,,,,,London South East RNS mirror,Medium,RNS study stage found: PEA,2026-05-17
GLR,Galileo Resources PLC,1st Sep 2025 7:00 am,Kalahari Copperbelt Drilling – Update,https://www.lse.co.uk/rns/GLR/kalahari-copperbelt-drilling-8211-update-eynijxq0b1mn6j4.html,structured_fields_extracted,2,,,,,,PEA,,,,,,,,,,,mixed rare earth carbonate,London South East RNS mirror,Medium,RNS study stage found: PEA,2026-05-17
GEMR,Gem Resources PLC,12th Feb 2025 7:00 am,Drilling/Production Report,https://www.lse.co.uk/rns/GEMR/drillingproduction-report-mdlsrolwucl60xv.html,rns_or_document_found_needs_review,0,,,,,,,,,,,,,,,,,,London South East RNS mirror,Medium,Technical/project RNS found; structured fields require analyst review,2026-05-17
GEMR,Gem Resources PLC,11th Dec 2024 7:00 am,Operations Update,https://www.lse.co.uk/rns/GEMR/operations-update-rqkzredmgcxseoa.html,rns_or_document_found_needs_review,0,,,,,,,,,,,,,,,,,,London South East RNS mirror,Medium,Technical/project RNS found; structured fields require analyst review,2026-05-17
GLEN,Glencore,10th Mar 2026 7:00 am,Publication of 2025 Annual Report,https://www.lse.co.uk/rns/GLEN/publication-of-2025-annual-report-zq9gdk0d24vxrvo.html,rns_or_document_found_needs_review,0,,,,,,,,,,,,,,,,,,London South East RNS mirror,Medium,Technical/project RNS found; structured fields require analyst review,2026-05-17
GLEN,Glencore,10th Mar 2026 7:00 am,Publication of 2025 Annual Report,https://www.lse.co.uk/rns/GLEN/publication-of-2025-annual-report-dhov5obqezmkr7v.html,rns_or_document_found_needs_review,0,,,,,,,,,,,,,,,,,,London South East RNS mirror,Medium,Technical/project RNS found; structured fields require analyst review,2026-05-17
GLEN,Glencore,18th Feb 2026 7:00 am,Preliminary Results 2025,https://www.lse.co.uk/rns/GLEN/preliminary-results-2025-m31tnjczekxigr4.html,structured_fields_extracted,3,,,50.0,,Reserve,,,,,,,,,,668000000.0,,,London South East RNS mirror,Medium,RNS recovery percentage found; RNS resource confidence found: Reserve,2026-05-17
GLEN,Glencore,18th Feb 2026 7:00 am,Glencore agreement w Gécamines for KCC land access,https://www.lse.co.uk/rns/GLEN/glencore-agreement-w-g233camines-for-kcc-land-access-hwz3z5m758jwi1c.html,structured_fields_extracted,1,,,,,Reserve,,,,,,,,,,,,,London South East RNS mirror,Medium,RNS resource confidence found: Reserve,2026-05-17
GLEN,Glencore,6th Feb 2026 3:55 pm,Form 8.5 (EPT/RI)-Glencore plc Amend,https://www.lse.co.uk/rns/GLEN/form-85-eptri-glencore-plc-amend-cpeb0aexiipwepi.html,structured_fields_extracted,1,,,,,,PEA,,,,,,,,,,,,London South East RNS mirror,Medium,RNS study stage found: PEA,2026-05-17
GRL,Goldstone Resources,30th Sep 2025 7:00 am,Interim Results,https://www.lse.co.uk/rns/GRL/interim-results-wvc61dnzgjy27an.html,structured_fields_extracted,1,,True,,,,,,,,,,,,,,,,London South East RNS mirror,Medium,RNS metallurgical testwork found,2026-05-17
GRL,Goldstone Resources,1st Jul 2025 7:00 am,Final Results,https://www.lse.co.uk/rns/GRL/final-results-d3kv0yio3cqcizl.html,structured_fields_extracted,4,,True,,,Reserve,PEA,,,,,,,,,,,concentrate route,London South East RNS mirror,Medium,RNS metallurgical testwork found; RNS resource confidence found: Reserve; RNS study stage found: PEA,2026-05-17
GRL,Goldstone Resources,18th Jun 2025 7:00 am,Notice of Final Results & Operations Update,https://www.lse.co.uk/rns/GRL/notice-of-final-results-operations-update-32m80cwnty4yo7i.html,structured_fields_extracted,1,,,,,,FEED,,,,,,,,,,,,London South East RNS mirror,Medium,RNS study stage found: FEED,2026-05-17
GRL,Goldstone Resources,26th Mar 2025 7:00 am,Production Continues to Ramp Up at Homase Mine,https://www.lse.co.uk/rns/GRL/production-continues-to-ramp-up-at-homase-mine-tujvicxh4aypmpn.html,structured_fields_extracted,2,,True,,,,PEA,,,,,,,,,,,,London South East RNS mirror,Medium,RNS metallurgical testwork found; RNS study stage found: PEA,2026-05-17
GRL,Goldstone Resources,12th Feb 2025 7:00 am,Record Gold Pour and Update re Homase Mine,https://www.lse.co.uk/rns/GRL/record-gold-pour-and-update-re-homase-mine-joadnwnm5gwdvjg.html,structured_fields_extracted,2,,True,,,,PEA,,,,,,,,,,,,London South East RNS mirror,Medium,RNS metallurgical testwork found; RNS study stage found: PEA,2026-05-17
GSCU,Great Sth Copp,13th May 2026 7:00 am,Scout Drilling Commences at Artemisa North Target,https://www.lse.co.uk/rns/GSCU/scout-drilling-commences-at-artemisa-north-target-v2djw3pjoyt086v.html,structured_fields_extracted,3,,True,,,Reserve,PEA,,,,,,,,,,,,London South East RNS mirror,Medium,RNS metallurgical testwork found; RNS resource confidence found: Reserve; RNS study stage found: PEA,2026-05-17
GSCU,Great Sth Copp,28th Apr 2026 7:00 am,Final Drill Results for Mostaza Discovery,https://www.lse.co.uk/rns/GSCU/final-drill-results-for-mostaza-discovery-mczkkz2xqjmxo4u.html,structured_fields_extracted,3,,True,,,Reserve,PEA,,,,,,,,,,,,London South East RNS mirror,Medium,RNS metallurgical testwork found; RNS resource confidence found: Reserve; RNS study stage found: PEA,2026-05-17
GSCU,Great Sth Copp,20th Apr 2026 7:00 am,Drilling Commences on Porphyry Copper Targets,https://www.lse.co.uk/rns/GSCU/drilling-commences-on-porphyry-copper-targets-53doeqypyscloz0.html,structured_fields_extracted,4,,True,,,Reserve,PEA,,,,,,,,,,,metals/alloys/recycling,London South East RNS mirror,Medium,RNS metallurgical testwork found; RNS resource confidence found: Reserve; RNS study stage found: PEA,2026-05-17
GSCU,Great Sth Copp,16th Apr 2026 7:00 am,Mineralisation Extended at Monolith Target,https://www.lse.co.uk/rns/GSCU/mineralisation-extended-at-monolith-target-ckaklzg70dpi3uu.html,structured_fields_extracted,3,,True,,,Reserve,PEA,,,,,,,,,,,,London South East RNS mirror,Medium,RNS metallurgical testwork found; RNS resource confidence found: Reserve; RNS study stage found: PEA,2026-05-17
GSCU,Great Sth Copp,23rd Mar 2026 7:00 am,Drill Results Extend Mineralisation at Cerro Negro,https://www.lse.co.uk/rns/GSCU/drill-results-extend-mineralisation-at-cerro-negro-v3epied62rhnqc2.html,structured_fields_extracted,4,,True,0.16,,Reserve,PEA,,,,,,,,,,,,London South East RNS mirror,Medium,RNS metallurgical testwork found; RNS recovery percentage found; RNS resource confidence found: Reserve; RNS study stage found: PEA,2026-05-17
GWMO,Great Western Mining Corporation PLC,7th May 2026 7:00 am,Metallurgical Test Work Underway: Tungsten Project,https://www.lse.co.uk/rns/GWMO/metallurgical-test-work-underway-tungsten-project-bf0f9g8srw7co0g.html,structured_fields_extracted,4,,True,,,,Concept,,4.3,,,,,,,,,concentrate route,London South East RNS mirror,Medium,RNS metallurgical testwork found; RNS resource tonnage found; RNS study stage found: Concept,2026-05-17
GWMO,Great Western Mining Corporation PLC,16th Apr 2026 7:00 am,Drilling Contractor Secured for Tungsten Project,https://www.lse.co.uk/rns/GWMO/drilling-contractor-secured-for-tungsten-project-9vl6vmuplrlqc0q.html,structured_fields_extracted,1,,,,,,,,4.3,,,,,,,,,,London South East RNS mirror,Medium,RNS resource tonnage found,2026-05-17
GWMO,Great Western Mining Corporation PLC,2nd Mar 2026 7:00 am,Tungsten Exploration Plan & Investor Presentation,https://www.lse.co.uk/rns/GWMO/tungsten-exploration-plan-investor-presentation-40gr30qk44iriiz.html,structured_fields_extracted,2,,,,,,PEA,,4.3,,,,,,,,,,London South East RNS mirror,Medium,RNS resource tonnage found; RNS study stage found: PEA,2026-05-17
GWMO,Great Western Mining Corporation PLC,29th Jan 2026 7:00 am,Tungsten Mineralisation Confirmed at Defender,https://www.lse.co.uk/rns/GWMO/tungsten-mineralisation-confirmed-at-defender-1d1qms88nq0j18j.html,structured_fields_extracted,2,,,,,,PEA,,4.3,,,,,,,,,,London South East RNS mirror,Medium,RNS resource tonnage found; RNS study stage found: PEA,2026-05-17
GWMO,Great Western Mining Corporation PLC,28th Jan 2026 7:00 am,IP Survey & RC Drilling Results at Rhyolite Dome,https://www.lse.co.uk/rns/GWMO/ip-survey-rc-drilling-results-at-rhyolite-dome-0foly8d74bdy7a1.html,structured_fields_extracted,3,,,,,Exploration target,PEA,,4.3,,,,,,,,,,London South East RNS mirror,Medium,RNS resource tonnage found; RNS resource confidence found: Exploration target; RNS study stage found: PEA,2026-05-17
GROC,GreenRoc Strategic Materials,7th May 2026 7:00 am,Invitation to Opening of Graphite Pilot Plant,https://www.lse.co.uk/rns/GROC/invitation-to-opening-of-graphite-pilot-plant-w6m5bcgnorll8pr.html,structured_fields_extracted,3,,True,,,,PEA,,,,,,,,,,,concentrate route,London South East RNS mirror,Medium,RNS metallurgical testwork found; RNS study stage found: PEA,2026-05-17
GROC,GreenRoc Strategic Materials,1st May 2026 7:35 am,Final Results and Notice of AGM,https://www.lse.co.uk/rns/GROC/final-results-and-notice-of-agm-iwd0cdt6na7pzl0.html,structured_fields_extracted,5,,True,,,Inferred,FEED,,19.5,,,,,,,,,concentrate route,London South East RNS mirror,Medium,RNS metallurgical testwork found; RNS resource tonnage found; RNS resource confidence found: Inferred; RNS study stage found: FEED,2026-05-17
GROC,GreenRoc Strategic Materials,29th Apr 2026 7:00 am,AAM Pilot Plant Update,https://www.lse.co.uk/rns/GROC/aam-pilot-plant-update-de0o3qygtj4pijt.html,structured_fields_extracted,5,,True,,,Measured,FEED,,23.05,,,,,,,,,concentrate route,London South East RNS mirror,Medium,RNS metallurgical testwork found; RNS resource tonnage found; RNS resource confidence found: Measured; RNS study stage found: FEED,2026-05-17
GROC,GreenRoc Strategic Materials,8th Apr 2026 7:00 am,Drill Contract for Amitsoq,https://www.lse.co.uk/rns/GROC/drill-contract-for-amitsoq-pqi89x532he18ch.html,structured_fields_extracted,3,,,,,Reserve,FEED,,7.38,,,,,,,,,,London South East RNS mirror,Medium,RNS resource tonnage found; RNS resource confidence found: Reserve; RNS study stage found: FEED,2026-05-17
GROC,GreenRoc Strategic Materials,29th Aug 2025 7:00 am,Interim Results for the six months to 31 May 2025,https://www.lse.co.uk/rns/GROC/interim-results-for-the-six-months-to-31-may-2025-5gvm9gs351965si.html,structured_fields_extracted,5,,True,,,Measured,PEA,,1.1,,,,,,,131000000.0,,,London South East RNS mirror,Medium,RNS metallurgical testwork found; RNS resource tonnage found; RNS resource confidence found: Measured; RNS study stage found: PEA,2026-05-17
GRX,Greenx Metals Limited,9th Jan 2026 11:20 am,Singapore Court Dismisses Poland’s Set-Aside,https://www.lse.co.uk/rns/GRX/singapore-court-dismisses-poland8217s-set-aside-6ir1noymtu0kjb2.html,structured_fields_extracted,1,,,,,,PEA,,,,,,,,,,,,London South East RNS mirror,Medium,RNS study stage found: PEA,2026-05-17
GRX,Greenx Metals Limited,20th Nov 2025 7:00 am,Assays Validate Historic Copper at Tannenberg,https://www.lse.co.uk/rns/GRX/assays-validate-historic-copper-at-tannenberg-unf9n9gu9nnvfa2.html,structured_fields_extracted,4,,True,93.0,,Reserve,PEA,,,,,,,,,,,,London South East RNS mirror,Medium,RNS metallurgical testwork found; RNS recovery percentage found; RNS resource confidence found: Reserve; RNS study stage found: PEA,2026-05-17
GRX,Greenx Metals Limited,3rd Nov 2025 7:00 am,Corporate Presentation,https://www.lse.co.uk/rns/GRX/corporate-presentation-sp3ceklqhf6qt4z.html,structured_fields_extracted,2,,True,,,,DFS,,,,,,,,,,,,London South East RNS mirror,Medium,RNS metallurgical testwork found; RNS study stage found: DFS,2026-05-17
GRX,Greenx Metals Limited,30th Sep 2025 7:00 am,2025 Annual Report,https://www.lse.co.uk/rns/GRX/2025-annual-report-runnw4qp2f4islp.html,rns_or_document_found_needs_review,0,,,,,,,,,,,,,,,,,,London South East RNS mirror,Medium,Technical/project RNS found; structured fields require analyst review,2026-05-17
GRX,Greenx Metals Limited,16th Jun 2025 7:00 am,Historical Core Logging Program at Tannenberg,https://www.lse.co.uk/rns/GRX/historical-core-logging-program-at-tannenberg-gfvjf4h8e1ddv2s.html,structured_fields_extracted,4,,True,,,Inferred,PEA,,,,,,,,,,,metals/alloys/recycling,London South East RNS mirror,Medium,RNS metallurgical testwork found; RNS resource confidence found: Inferred; RNS study stage found: PEA,2026-05-17
GFM,Griffin Mining,12th May 2026 7:00 am,2025 FINAL RESULTS,https://www.lse.co.uk/rns/GFM/2025-final-results-s9t9v29r3cl4z5a.html,structured_fields_extracted,5,,,6.5,,Measured,FEED,,38.1,,,,,,,,,concentrate route,London South East RNS mirror,Medium,RNS recovery percentage found; RNS resource tonnage found; RNS resource confidence found: Measured; RNS study stage found: FEED,2026-05-17
GFM,Griffin Mining,10th Mar 2026 7:00 am,Caijiaying Mine Achieves 100% Renewable Energy Use,https://www.lse.co.uk/rns/GFM/caijiaying-mine-achieves-100-renewable-energy-use-uhkd6tjjh145n2i.html,rns_or_document_found_needs_review,0,,,,,,,,,,,,,,,,,,London South East RNS mirror,Medium,Technical/project RNS found; structured fields require analyst review,2026-05-17
GFM,Griffin Mining,12th Feb 2026 7:00 am,Drilling/Production Report,https://www.lse.co.uk/rns/GFM/drillingproduction-report-vfefic9nlhqulws.html,structured_fields_extracted,4,,True,,,Reserve,FEED,,,,,,,,,,,metals/alloys/recycling,London South East RNS mirror,Medium,RNS metallurgical testwork found; RNS resource confidence found: Reserve; RNS study stage found: FEED,2026-05-17
GFM,Griffin Mining,19th Jan 2026 7:00 am,Renewal of Caijiaying Mining Licence to 2054,https://www.lse.co.uk/rns/GFM/renewal-of-caijiaying-mining-licence-to-2054-cm9ezokzic3uidh.html,rns_or_document_found_needs_review,0,,,,,,,,,,,,,,,,,,London South East RNS mirror,Medium,Technical/project RNS found; structured fields require analyst review,2026-05-17
GFM,Griffin Mining,9th Sep 2025 7:00 am,UNAUDITED INTERIM RESULTS,https://www.lse.co.uk/rns/GFM/unaudited-interim-results-nbyks6hhelkrv1m.html,structured_fields_extracted,1,,,,,,,,,,,,,,,,,concentrate route,London South East RNS mirror,Medium,Technical/project RNS found; structured fields require analyst review,2026-05-17
GMET,Guardian Metal Resources PLC,13th May 2026 7:00 am,Tempiute Historical Mine Tailings Update,https://www.lse.co.uk/rns/GMET/tempiute-historical-mine-tailings-update-y4o2qdn3o44ebou.html,structured_fields_extracted,2,,True,,,,PFS,,,,,,,,,,,,London South East RNS mirror,Medium,RNS metallurgical testwork found; RNS study stage found: PFS,2026-05-17
GMET,Guardian Metal Resources PLC,6th May 2026 7:00 am,Pilot Mountain Pre-Feasibility Progress Update,https://www.lse.co.uk/rns/GMET/pilot-mountain-pre-feasibility-progress-update-p6p41ihqp99bgts.html,structured_fields_extracted,3,,True,,,,DFS,,,,,,,,,,,concentrate route,London South East RNS mirror,Medium,RNS metallurgical testwork found; RNS study stage found: DFS,2026-05-17
GMET,Guardian Metal Resources PLC,12th Feb 2026 7:00 am,Interim Results,https://www.lse.co.uk/rns/GMET/interim-results-y212hb7qse96q75.html,structured_fields_extracted,4,,True,,,Indicated,PFS,,,,,,,,,,,metals/alloys/recycling,London South East RNS mirror,Medium,RNS metallurgical testwork found; RNS resource confidence found: Indicated; RNS study stage found: PFS,2026-05-17
GMET,Guardian Metal Resources PLC,19th Dec 2025 7:00 am,Pilot Mountain Pre-Feasibility Progress Update,https://www.lse.co.uk/rns/GMET/pilot-mountain-pre-feasibility-progress-update-y0r2339bsagb0in.html,structured_fields_extracted,4,,True,80.0,,Reserve,PFS,,,,,,,,,,,,London South East RNS mirror,Medium,RNS metallurgical testwork found; RNS recovery percentage found; RNS resource confidence found: Reserve; RNS study stage found: PFS,2026-05-17
GMET,Guardian Metal Resources PLC,19th Dec 2025 7:00 am,Pilot Mountain Pre-Feasibility Progress Update,https://www.lse.co.uk/rns/GMET/pilot-mountain-pre-feasibility-progress-update-nkya4yera0s6my6.html,structured_fields_extracted,4,,True,80.0,,Reserve,PFS,,,,,,,,,,,,London South East RNS mirror,Medium,RNS metallurgical testwork found; RNS recovery percentage found; RNS resource confidence found: Reserve; RNS study stage found: PFS,2026-05-17
HE1,Helium One,26th Mar 2026 7:00 am,Galactica Project Update,https://www.lse.co.uk/rns/HE1/galactica-project-update-cwx31ta06jrk16v.html,structured_fields_extracted,1,,True,,,,,,,,,,,,,,,,London South East RNS mirror,Medium,RNS metallurgical testwork found,2026-05-17
HE1,Helium One,26th Mar 2026 7:00 am,Unaudited Interim Results,https://www.lse.co.uk/rns/HE1/unaudited-interim-results-2mmnc66lmeo95gi.html,structured_fields_extracted,2,,True,,,,PEA,,,,,,,,,,,,London South East RNS mirror,Medium,RNS metallurgical testwork found; RNS study stage found: PEA,2026-05-17
HE1,Helium One,5th Mar 2026 7:00 am,Galactica Project Update,https://www.lse.co.uk/rns/HE1/galactica-project-update-mi5arzocplwtgc1.html,structured_fields_extracted,2,,True,,,,PEA,,,,,,,,,,,,London South East RNS mirror,Medium,RNS metallurgical testwork found; RNS study stage found: PEA,2026-05-17
HE1,Helium One,16th Feb 2026 7:00 am,Southern Rukwa Project Update,https://www.lse.co.uk/rns/HE1/southern-rukwa-project-update-hsiyqf47zh31159.html,structured_fields_extracted,2,,True,,,,PEA,,,,,,,,,,,,London South East RNS mirror,Medium,RNS metallurgical testwork found; RNS study stage found: PEA,2026-05-17
HE1,Helium One,12th Feb 2026 7:00 am,Galactica Project Update,https://www.lse.co.uk/rns/HE1/galactica-project-update-qygwly548xks4im.html,structured_fields_extracted,1,,True,,,,,,,,,,,,,,,,London South East RNS mirror,Medium,RNS metallurgical testwork found,2026-05-17
HEX,Helix Exploration,26th Mar 2026 7:00 am,Annual Report and Full Year Results,https://www.lse.co.uk/rns/HEX/annual-report-and-full-year-results-ow8eophdmzp0lfu.html,structured_fields_extracted,1,,,,,,,,,,,,,,,,,concentrate route,London South East RNS mirror,Medium,Technical/project RNS found; structured fields require analyst review,2026-05-17
HEX,Helix Exploration,12th Jan 2026 7:00 am,Project Update at the Flagship Rudyard Project,https://www.lse.co.uk/rns/HEX/project-update-at-the-flagship-rudyard-project-742akovqx3lzbvu.html,rns_or_document_found_needs_review,0,,,,,,,,,,,,,,,,,,London South East RNS mirror,Medium,Technical/project RNS found; structured fields require analyst review,2026-05-17
HEX,Helix Exploration,22nd Dec 2025 7:00 am,Project Update at the Flagship Rudyard Project,https://www.lse.co.uk/rns/HEX/project-update-at-the-flagship-rudyard-project-7um9wtv7qalkwdp.html,rns_or_document_found_needs_review,0,,,,,,,,,,,,,,,,,,London South East RNS mirror,Medium,Technical/project RNS found; structured fields require analyst review,2026-05-17
HEX,Helix Exploration,22nd Dec 2025 7:00 am,Project Update at the Flagship Rudyard Project,https://www.lse.co.uk/rns/HEX/project-update-at-the-flagship-rudyard-project-mxs76g7dqyhg20p.html,rns_or_document_found_needs_review,0,,,,,,,,,,,,,,,,,,London South East RNS mirror,Medium,Technical/project RNS found; structured fields require analyst review,2026-05-17
HEX,Helix Exploration,13th Nov 2025 7:00 am,Project Update at Rudyard Project,https://www.lse.co.uk/rns/HEX/project-update-at-rudyard-project-x41scuhatex8g1g.html,rns_or_document_found_needs_review,0,,,,,,,,,,,,,,,,,,London South East RNS mirror,Medium,Technical/project RNS found; structured fields require analyst review,2026-05-17
HILS,Hill & Smith,10th Apr 2026 5:05 pm,2025 Annual Report and 2026 Notice of AGM,https://www.lse.co.uk/rns/HILS/2025-annual-report-and-2026-notice-of-agm-i9c14u6qdupc4eu.html,structured_fields_extracted,1,,,,,,PEA,,,,,,,,,,,,London South East RNS mirror,Medium,RNS study stage found: PEA,2026-05-17
IMC,IMC Exploration Group PLC,24th Feb 2026 7:00 am,Results of Laboratory Study,https://www.lse.co.uk/rns/IMC/results-of-laboratory-study-qk8amp1pa851ues.html,structured_fields_extracted,1,,,,,,PEA,,,,,,,,,,,,London South East RNS mirror,Medium,RNS study stage found: PEA,2026-05-17
IMC,IMC Exploration Group PLC,26th Jan 2026 7:00 am,Renewal of Mining Licence,https://www.lse.co.uk/rns/IMC/renewal-of-mining-licence-e8xdq5p51ktr06e.html,structured_fields_extracted,3,,,,,Indicated,PEA,,,,,,,,,,,concentrate route,London South East RNS mirror,Medium,RNS resource confidence found: Indicated; RNS study stage found: PEA,2026-05-17
IMC,IMC Exploration Group PLC,21st Mar 2024 2:35 pm,Drilling Report,https://www.lse.co.uk/rns/IMC/drilling-report-rckyfm12rjr354b.html,structured_fields_extracted,1,,,,,,,,,,,,,,,,,concentrate route,London South East RNS mirror,Medium,Technical/project RNS found; structured fields require analyst review,2026-05-17
IMC,IMC Exploration Group PLC,3rd Mar 2022 10:04 am,"Drilling Report, West Avoca",https://www.lse.co.uk/rns/IMC/drilling-report-west-avoca-v4hqygmrl36gu77.html,structured_fields_extracted,1,,,,,,PEA,,,,,,,,,,,,London South East RNS mirror,Medium,RNS study stage found: PEA,2026-05-17
IMC,IMC Exploration Group PLC,26th Oct 2021 7:00 am,"Analysis/Assay Report of First Drill, W. Avoca",https://www.lse.co.uk/rns/IMC/analysisassay-report-of-first-drill-w-avoca-td3j1s2f3mmxrz5.html,structured_fields_extracted,1,,,,,,PEA,,,,,,,,,,,,London South East RNS mirror,Medium,RNS study stage found: PEA,2026-05-17
IRON,Ironveld,31st Mar 2026 7:01 am,Interim Results for the 6 Months Ended 31 Dec 2025,https://www.lse.co.uk/rns/IRON/interim-results-for-the-6-months-ended-31-dec-2025-b3nntk9ehumrh44.html,structured_fields_extracted,2,,,,,,PEA,,,,,,,,,,,metals/alloys/recycling,London South East RNS mirror,Medium,RNS study stage found: PEA,2026-05-17
IRON,Ironveld,2nd Mar 2026 2:50 pm,Operations Update & Publication of FY25 Accounts,https://www.lse.co.uk/rns/IRON/operations-update-publication-of-fy25-accounts-mxetd40w49iytsv.html,structured_fields_extracted,3,,True,,,,PEA,,,,,,,,,,,metals/alloys/recycling,London South East RNS mirror,Medium,RNS metallurgical testwork found; RNS study stage found: PEA,2026-05-17
IRON,Ironveld,3rd Feb 2026 5:34 pm,Operations Update & Publication of FY25 Accounts,https://www.lse.co.uk/rns/IRON/operations-update-publication-of-fy25-accounts-kvnwazwiwizdv5f.html,structured_fields_extracted,2,,,,,,PEA,,,,,,,,,,,metals/alloys/recycling,London South East RNS mirror,Medium,RNS study stage found: PEA,2026-05-17
IRON,Ironveld,7th Oct 2025 7:07 am,Ironveld PLC Signs Mining Operations Agreement,https://www.lse.co.uk/rns/IRON/ironveld-plc-signs-mining-operations-agreement-ghilto1liys8jum.html,structured_fields_extracted,2,,,,,,FEED,,,,,,,,,,,metals/alloys/recycling,London South East RNS mirror,Medium,RNS study stage found: FEED,2026-05-17
IRON,Ironveld,6th Jun 2025 12:37 pm,Post-Blast Imagery and DMS Plant Visuals Released,https://www.lse.co.uk/rns/IRON/post-blast-imagery-and-dms-plant-visuals-released-nusn1w3okira2xx.html,structured_fields_extracted,1,,,,,,,,,,,,,,,,,metals/alloys/recycling,London South East RNS mirror,Medium,Technical/project RNS found; structured fields require analyst review,2026-05-17
KAV,Kavango Resources,29th Apr 2026 7:00 am,Annual Report & Accounts and Notice of AGM,https://www.lse.co.uk/rns/KAV/annual-report-accounts-and-notice-of-agm-hv5rmvxe0sugmss.html,rns_or_document_found_needs_review,0,,,,,,,,,,,,,,,,,,London South East RNS mirror,Medium,Technical/project RNS found; structured fields require analyst review,2026-05-17
KAV,Kavango Resources,17th Feb 2026 7:00 am,Technical Report for the Karakubis Project,https://www.lse.co.uk/rns/KAV/technical-report-for-the-karakubis-project-qmicaledaa634sd.html,rns_or_document_found_needs_review,0,,,,,,,,,,,,,,,,,,London South East RNS mirror,Medium,Technical/project RNS found; structured fields require analyst review,2026-05-17
KAV,Kavango Resources,9th Feb 2026 7:00 am,Preliminary MRE for Bill’s Luck Gold Mine,https://www.lse.co.uk/rns/KAV/preliminary-mre-for-bill8217s-luck-gold-mine-qgvh1rilyvv0zf6.html,structured_fields_extracted,5,,True,95.0,,Reserve,FEED,,,,,,,,,,,metals/alloys/recycling,London South East RNS mirror,Medium,RNS metallurgical testwork found; RNS recovery percentage found; RNS resource confidence found: Reserve; RNS study stage found: FEED,2026-05-17
KAV,Kavango Resources,29th Jan 2026 7:00 am,Results from Resource Drilling at Bill’s Luck,https://www.lse.co.uk/rns/KAV/results-from-resource-drilling-at-bill8217s-luck-mcnuve3iu7wup2p.html,structured_fields_extracted,5,,True,95.0,,Reserve,FEED,,,,,,,,,,,metals/alloys/recycling,London South East RNS mirror,Medium,RNS metallurgical testwork found; RNS recovery percentage found; RNS resource confidence found: Reserve; RNS study stage found: FEED,2026-05-17
KAV,Kavango Resources,26th Jan 2026 7:00 am,Successful Diamond Drilling at Bill’s Luck,https://www.lse.co.uk/rns/KAV/successful-diamond-drilling-at-bill8217s-luck-jwxklinukgklgd3.html,structured_fields_extracted,5,,True,95.0,,Reserve,PEA,,,,,,,,,,,metals/alloys/recycling,London South East RNS mirror,Medium,RNS metallurgical testwork found; RNS recovery percentage found; RNS resource confidence found: Reserve; RNS study stage found: PEA,2026-05-17
KAP,Kazatomprom S,22nd Dec 2025 10:20 am,KAP and Kansai Electric Agree on Uranium Supply,https://www.lse.co.uk/rns/KAP/kap-and-kansai-electric-agree-on-uranium-supply-748s4hqx3xpp4et.html,structured_fields_extracted,1,,,,,,,,,,,,radioactivity/radionuclide handling referenced,,,,,,London South East RNS mirror,Medium,RNS impurity/radioactivity evidence found,2026-05-17
KAP,Kazatomprom S,22nd Dec 2025 10:20 am,KAP and Kansai Electric Agree on Uranium Supply,https://www.lse.co.uk/rns/KAP/kap-and-kansai-electric-agree-on-uranium-supply-o3bgx2rg2s1afsf.html,structured_fields_extracted,1,,,,,,,,,,,,radioactivity/radionuclide handling referenced,,,,,,London South East RNS mirror,Medium,RNS impurity/radioactivity evidence found,2026-05-17
KAP,Kazatomprom S,20th Nov 2025 7:00 am,S&P Global improves Kazatomprom’s ESG score,https://www.lse.co.uk/rns/KAP/sp-global-improves-kazatomprom8217s-esg-score-ke0g5h93zwvggk1.html,structured_fields_extracted,1,,,,,,,,,,,,radioactivity/radionuclide handling referenced,,,,,,London South East RNS mirror,Medium,RNS impurity/radioactivity evidence found,2026-05-17
KAP,Kazatomprom S,13th May 2025 11:25 am,KAP updates on the sulphuric acid plant project,https://www.lse.co.uk/rns/KAP/kap-updates-on-the-sulphuric-acid-plant-project-z6wr69lvpo11vnh.html,structured_fields_extracted,1,,,,,,,,,,,,radioactivity/radionuclide handling referenced,,,,,,London South East RNS mirror,Medium,RNS impurity/radioactivity evidence found,2026-05-17
KAP,Kazatomprom S,23rd Apr 2025 7:00 am,"KAP notifies on AGM, dividends and Annual Report",https://www.lse.co.uk/rns/KAP/kap-notifies-on-agm-dividends-and-annual-report-3zqiuems4unepun.html,structured_fields_extracted,2,,,,,,PEA,,,,,,radioactivity/radionuclide handling referenced,,,,,,London South East RNS mirror,Medium,RNS study stage found: PEA; RNS impurity/radioactivity evidence found,2026-05-17
KEFI,Kefi Gold & Copper,7th Apr 2026 7:00 am,Updated Company Presentation,https://www.lse.co.uk/rns/KEFI/updated-company-presentation-08pd9im4thu46by.html,structured_fields_extracted,1,,True,,,,,,,,,,,,,,,,London South East RNS mirror,Medium,RNS metallurgical testwork found,2026-05-17
KEFI,Kefi Gold & Copper,26th Mar 2026 7:00 am,Notice of General Meeting & Investor Presentation,https://www.lse.co.uk/rns/KEFI/notice-of-general-meeting-investor-presentation-yhhxocqzebz3o1l.html,structured_fields_extracted,1,,True,,,,,,,,,,,,,,,,London South East RNS mirror,Medium,RNS metallurgical testwork found,2026-05-17
KEFI,Kefi Gold & Copper,13th Oct 2025 7:00 am,Tulu Kapi Gold Project Update,https://www.lse.co.uk/rns/KEFI/tulu-kapi-gold-project-update-l7a5mjnkwkhwfjk.html,structured_fields_extracted,2,,True,,,,PEA,,,,,,,,,,,,London South East RNS mirror,Medium,RNS metallurgical testwork found; RNS study stage found: PEA,2026-05-17
KEFI,Kefi Gold & Copper,30th Sep 2025 7:00 am,Interim Results,https://www.lse.co.uk/rns/KEFI/interim-results-gp2s2gw7l7o0leu.html,structured_fields_extracted,3,,True,,,,PEA,,7.3,,,,,,,,,,London South East RNS mirror,Medium,RNS metallurgical testwork found; RNS resource tonnage found; RNS study stage found: PEA,2026-05-17
KEFI,Kefi Gold & Copper,2nd Sep 2025 7:00 am,Tulu Kapi Gold Project Update,https://www.lse.co.uk/rns/KEFI/tulu-kapi-gold-project-update-tc7illjxixjyrf3.html,structured_fields_extracted,4,,True,94.0,,Reserve,PEA,,,,,,,,,,,,London South East RNS mirror,Medium,RNS metallurgical testwork found; RNS recovery percentage found; RNS resource confidence found: Reserve; RNS study stage found: PEA,2026-05-17
KEN,Kendrick Resources,15th May 2026 7:00 am,Teufelskuppe high-Grade Drill Results,https://www.lse.co.uk/rns/KEN/teufelskuppe-high-grade-drill-results-kgkbk27f3vvww0z.html,structured_fields_extracted,6,carbonatite,,,,Reserve,PEA,25.0,14.0,,,,,,,,,metals/alloys/recycling,London South East RNS mirror,Medium,RNS mineralogy evidence found; RNS TREO grade found; RNS resource tonnage found; RNS resource confidence found: Reserve; RNS study stage found: PEA,2026-05-17
KEN,Kendrick Resources,29th Apr 2026 7:00 am,Final Results for period to 29 December 2025,https://www.lse.co.uk/rns/KEN/final-results-for-period-to-29-december-2025-7hviphzj915555g.html,structured_fields_extracted,4,,True,,,Reserve,PFS,,,,,,,,,,,metals/alloys/recycling,London South East RNS mirror,Medium,RNS metallurgical testwork found; RNS resource confidence found: Reserve; RNS study stage found: PFS,2026-05-17
KEN,Kendrick Resources,14th Apr 2026 11:40 am,"Namibia REE Project, Teufelskuppe Drilling Update",https://www.lse.co.uk/rns/KEN/namibia-ree-project-teufelskuppe-drilling-update-anr28nrxei528ft.html,structured_fields_extracted,5,carbonatite,,,,Reserve,PEA,3.16,,,,,,,,,,mixed rare earth carbonate,London South East RNS mirror,Medium,RNS mineralogy evidence found; RNS TREO grade found; RNS resource confidence found: Reserve; RNS study stage found: PEA,2026-05-17
KEN,Kendrick Resources,9th Apr 2026 10:09 am,Namibia REE Project Update,https://www.lse.co.uk/rns/KEN/namibia-ree-project-update-yligoh02dv1tjao.html,structured_fields_extracted,5,carbonatite,True,,,Reserve,PEA,,,,,,,,,,,metals/alloys/recycling,London South East RNS mirror,Medium,RNS mineralogy evidence found; RNS metallurgical testwork found; RNS resource confidence found: Reserve; RNS study stage found: PEA,2026-05-17
KEN,Kendrick Resources,26th Mar 2026 7:00 am,Kieshöhe Project Update,https://www.lse.co.uk/rns/KEN/kiesh246he-project-update-if119dcdvpfxtuc.html,structured_fields_extracted,7,carbonatite,True,,,Reserve,PEA,,,,,35.0,radioactivity/radionuclide handling referenced,,,,,metals/alloys/recycling,London South East RNS mirror,Medium,RNS mineralogy evidence found; RNS metallurgical testwork found; RNS NdPr basket evidence found; RNS resource confidence found: Reserve; RNS study stage found: PEA; RNS impurity/radioactivity evidence found,2026-05-17
KMR,Kenmare Resources,17th Apr 2026 2:30 pm,2025 Annual Report Central Bank of Ireland disclosure,https://www.lse.co.uk/rns/KMR/2025-annual-report-central-bank-of-ireland-disclosure-e5tjo0iqpv4zpg5.html,structured_fields_extracted,1,,,,,,FEED,,,,,,,,,,,,London South East RNS mirror,Medium,RNS study stage found: FEED,2026-05-17
KMR,Kenmare Resources,10th Apr 2026 7:00 am,Publication of 2025 Annual Report,https://www.lse.co.uk/rns/KMR/publication-of-2025-annual-report-fhwuikyp1ltcrup.html,structured_fields_extracted,2,,,,,,FEED,,,,,,,,,,,concentrate route,London South East RNS mirror,Medium,RNS study stage found: FEED,2026-05-17
KMR,Kenmare Resources,25th Mar 2026 7:00 am,2025 Preliminary Results,https://www.lse.co.uk/rns/KMR/2025-preliminary-results-ligkr4xkufx5gx6.html,structured_fields_extracted,4,,,82.0,,Reserve,DFS,,,,,,,,,,,metals/alloys/recycling,London South East RNS mirror,Medium,RNS recovery percentage found; RNS resource confidence found: Reserve; RNS study stage found: DFS,2026-05-17
KMR,Kenmare Resources,5th Feb 2026 7:00 am,Analyst and investor visit to Moma Mine,https://www.lse.co.uk/rns/KMR/analyst-and-investor-visit-to-moma-mine-h36bnsqez5b20a3.html,structured_fields_extracted,2,,,,,,FEED,,,,,,,,,,,separated oxide / separation route,London South East RNS mirror,Medium,RNS study stage found: FEED,2026-05-17
KMR,Kenmare Resources,17th Dec 2025 7:00 am,Wet Concentrator Plant A project update and 2025 guidance update,https://www.lse.co.uk/rns/KMR/wet-concentrator-plant-a-project-update-and-2025-guidance-update-q68m42dscczijp1.html,structured_fields_extracted,1,,,,,,FEED,,,,,,,,,,,,London South East RNS mirror,Medium,RNS study stage found: FEED,2026-05-17
KRS,Keras Resources,29th Sep 2025 7:00 am,Interim results,https://www.lse.co.uk/rns/KRS/interim-results-mm8sh0vdaxyyg7o.html,structured_fields_extracted,2,,,,,,PEA,,,,,,radioactivity/radionuclide handling referenced,,,,,,London South East RNS mirror,Medium,RNS study stage found: PEA; RNS impurity/radioactivity evidence found,2026-05-17
KRS,Keras Resources,30th Jun 2025 7:00 am,Final Results,https://www.lse.co.uk/rns/KRS/final-results-k3io181qeydyaot.html,structured_fields_extracted,5,,True,,,Reserve,FEED,,,,,,radioactivity/radionuclide handling referenced,,,,,concentrate route,London South East RNS mirror,Medium,RNS metallurgical testwork found; RNS resource confidence found: Reserve; RNS study stage found: FEED; RNS impurity/radioactivity evidence found,2026-05-17
KRS,Keras Resources,26th Sep 2024 7:00 am,Interim Results,https://www.lse.co.uk/rns/KRS/interim-results-2oe3lfzg3e2j0iy.html,structured_fields_extracted,1,,,,,,FEED,,,,,,,,,,,,London South East RNS mirror,Medium,RNS study stage found: FEED,2026-05-17
KRS,Keras Resources,23rd Sep 2024 7:00 am,Operations Update – Diamond Creek Project,https://www.lse.co.uk/rns/KRS/operations-update-8211-diamond-creek-project-t1d9i3o132iy50c.html,structured_fields_extracted,1,,,,,,FEED,,,,,,,,,,,,London South East RNS mirror,Medium,RNS study stage found: FEED,2026-05-17
KRS,Keras Resources,28th Jun 2024 7:00 am,Hot Commissioning of Integrated Processing Plant,https://www.lse.co.uk/rns/KRS/hot-commissioning-of-integrated-processing-plant-34w0c6l70sfea55.html,structured_fields_extracted,1,,,,,,FEED,,,,,,,,,,,,London South East RNS mirror,Medium,RNS study stage found: FEED,2026-05-17
KIBO,Kibo Energy,24th Dec 2024 7:00 am,Unaudited Interim Results - 30 June 2024,https://www.lse.co.uk/rns/KIBO/unaudited-interim-results-30-june-2024-79j7h1j4kgw9y20.html,structured_fields_extracted,2,,True,,,,Concept,,,,,,,,,,,,London South East RNS mirror,Medium,RNS metallurgical testwork found; RNS study stage found: Concept,2026-05-17
KIBO,Kibo Energy,19th Sep 2024 1:45 pm,Sale of Disposal of Kibo Mining (Cyprus) Signed,https://www.lse.co.uk/rns/KIBO/sale-of-disposal-of-kibo-mining-cyprus-signed-meger5c67s9bkn1.html,rns_or_document_found_needs_review,0,,,,,,,,,,,,,,,,,,London South East RNS mirror,Medium,Technical/project RNS found; structured fields require analyst review,2026-05-17
KIBO,Kibo Energy,30th Aug 2024 7:00 am,Kibo Subsidiary MED Unaudited Interim Results,https://www.lse.co.uk/rns/KIBO/kibo-subsidiary-med-unaudited-interim-results-l4cejuqhdwghgz9.html,structured_fields_extracted,2,,,,,Reserve,PEA,,,,,,,,,,,,London South East RNS mirror,Medium,RNS resource confidence found: Reserve; RNS study stage found: PEA,2026-05-17
KOD,Kodal Minerals,5th May 2026 7:00 am,Bougouni Lithium Project Update,https://www.lse.co.uk/rns/KOD/bougouni-lithium-project-update-7idvvevelghdhu8.html,structured_fields_extracted,1,,,,,,,,,,,,,,,,,separated oxide / separation route,London South East RNS mirror,Medium,Technical/project RNS found; structured fields require analyst review,2026-05-17
KOD,Kodal Minerals,5th Feb 2026 7:00 am,Bougouni Lithium Project – Operations Update,https://www.lse.co.uk/rns/KOD/bougouni-lithium-project-8211-operations-update-nwags4wjki1wms0.html,structured_fields_extracted,3,,True,,,,FEED,,,,,,,,,,,separated oxide / separation route,London South East RNS mirror,Medium,RNS metallurgical testwork found; RNS study stage found: FEED,2026-05-17
KOD,Kodal Minerals,19th Dec 2025 7:00 am,Interim Results for 6 months to 30 September 2025,https://www.lse.co.uk/rns/KOD/interim-results-for-6-months-to-30-september-2025-fas513gnvd6xyb0.html,structured_fields_extracted,2,,,,,,FEED,,,,,,,,,,,separated oxide / separation route,London South East RNS mirror,Medium,RNS study stage found: FEED,2026-05-17
KOD,Kodal Minerals,19th Dec 2025 7:00 am,Interim Results for 6 months to 30 September 2025,https://www.lse.co.uk/rns/KOD/interim-results-for-6-months-to-30-september-2025-hqxe20e13tj3xnz.html,structured_fields_extracted,2,,,,,,FEED,,,,,,,,,,,separated oxide / separation route,London South East RNS mirror,Medium,RNS study stage found: FEED,2026-05-17
KOD,Kodal Minerals,17th Dec 2025 7:40 am,Bougouni Project Update & First Revenues Received,https://www.lse.co.uk/rns/KOD/bougouni-project-update-first-revenues-received-20c0g2o4tx7234c.html,structured_fields_extracted,3,,True,,,,FEED,,,,,,,,,,,separated oxide / separation route,London South East RNS mirror,Medium,RNS metallurgical testwork found; RNS study stage found: FEED,2026-05-17
KP2,Kore Potash PLC,15th May 2026 9:11 am,Form 8.5 (EPT/RI) - Kore Potash Plc,https://www.lse.co.uk/rns/KP2/form-85-eptri-kore-potash-plc-4f0le1p3ml0bnnf.html,structured_fields_extracted,1,,,,,,PEA,,,,,,,,,,,,London South East RNS mirror,Medium,RNS study stage found: PEA,2026-05-17
KP2,Kore Potash PLC,13th May 2026 9:31 am,Form 8.5 (EPT/RI) - Kore Potash Plc,https://www.lse.co.uk/rns/KP2/form-85-eptri-kore-potash-plc-9vy7uaq5iy0jofd.html,structured_fields_extracted,1,,,,,,PEA,,,,,,,,,,,,London South East RNS mirror,Medium,RNS study stage found: PEA,2026-05-17
KP2,Kore Potash PLC,11th May 2026 9:31 am,Form 8.5 (EPT/RI) - Kore Potash Plc,https://www.lse.co.uk/rns/KP2/form-85-eptri-kore-potash-plc-qrvxhtx3m64f59d.html,structured_fields_extracted,1,,,,,,PEA,,,,,,,,,,,,London South East RNS mirror,Medium,RNS study stage found: PEA,2026-05-17
KP2,Kore Potash PLC,8th May 2026 8:53 am,Form 8.5 (EPT/RI) - Kore Potash Plc,https://www.lse.co.uk/rns/KP2/form-85-eptri-kore-potash-plc-786pm1cfbouqpwq.html,structured_fields_extracted,1,,,,,,PEA,,,,,,,,,,,,London South East RNS mirror,Medium,RNS study stage found: PEA,2026-05-17
KP2,Kore Potash PLC,7th May 2026 9:52 am,Form 8.5 (EPT/RI) - Kore Potash Plc,https://www.lse.co.uk/rns/KP2/form-85-eptri-kore-potash-plc-hxlb24y9qfkgivu.html,structured_fields_extracted,1,,,,,,PEA,,,,,,,,,,,,London South East RNS mirror,Medium,RNS study stage found: PEA,2026-05-17
KRPZ,Kropz Plc,20th Jun 2024 7:52 am,Update Mineral Resource Estimate - Elandsfontein,https://www.lse.co.uk/rns/KRPZ/update-mineral-resource-estimate-elandsfontein-zyc1xaeimpjmt89.html,structured_fields_extracted,5,,True,,,Reserve,PEA,,74.23,,,,,,,,,mixed rare earth carbonate,London South East RNS mirror,Medium,RNS metallurgical testwork found; RNS resource tonnage found; RNS resource confidence found: Reserve; RNS study stage found: PEA,2026-05-17
LND,Landore Resources Limited,22nd Jan 2026 7:30 am,Restoration - Landore Resources Limited,https://www.lse.co.uk/rns/LND/restoration-landore-resources-limited-3g6qka5barvwz0b.html,rns_or_document_found_needs_review,0,,,,,,,,,,,,,,,,,,London South East RNS mirror,Medium,Technical/project RNS found; structured fields require analyst review,2026-05-17
LND,Landore Resources Limited,22nd Jan 2026 7:00 am,Updated Mineral Resource Estimates for Junior Lake,https://www.lse.co.uk/rns/LND/updated-mineral-resource-estimates-for-junior-lake-ygpop1ivpsck1qt.html,structured_fields_extracted,3,,True,,,Reserve,PEA,,,,,,,,,,,,London South East RNS mirror,Medium,RNS metallurgical testwork found; RNS resource confidence found: Reserve; RNS study stage found: PEA,2026-05-17
LND,Landore Resources Limited,11th Dec 2025 12:59 pm,Suspension - Landore Resources Limited,https://www.lse.co.uk/rns/LND/suspension-landore-resources-limited-fthhzyw5b57la3x.html,rns_or_document_found_needs_review,0,,,,,,,,,,,,,,,,,,London South East RNS mirror,Medium,Technical/project RNS found; structured fields require analyst review,2026-05-17
LND,Landore Resources Limited,10th Nov 2025 7:00 am,Amalgamation of Landore Canada and Lamaune,https://www.lse.co.uk/rns/LND/amalgamation-of-landore-canada-and-lamaune-natgocwqfqmjku5.html,structured_fields_extracted,3,,,,,Exploration target,PEA,,,,,,,,,,,metals/alloys/recycling,London South East RNS mirror,Medium,RNS resource confidence found: Exploration target; RNS study stage found: PEA,2026-05-17
LND,Landore Resources Limited,29th Sep 2025 8:52 am,Interim Results,https://www.lse.co.uk/rns/LND/interim-results-rcmzdsdhe3k2eq4.html,structured_fields_extracted,2,,True,,,,PEA,,,,,,,,,,,,London South East RNS mirror,Medium,RNS metallurgical testwork found; RNS study stage found: PEA,2026-05-17
MTL,Metals Exploration,30th Mar 2026 7:00 am,La India Development Update,https://www.lse.co.uk/rns/MTL/la-india-development-update-a2hwn7atl15hezv.html,structured_fields_extracted,2,,True,,,,,,,,,,,,,2026.0,,,London South East RNS mirror,Medium,RNS metallurgical testwork found,2026-05-17
MTL,Metals Exploration,9th Feb 2026 7:00 am,Investor Presentation and La India Update Video,https://www.lse.co.uk/rns/MTL/investor-presentation-and-la-india-update-video-od98qknzy4c4y1v.html,rns_or_document_found_needs_review,0,,,,,,,,,,,,,,,,,,London South East RNS mirror,Medium,Technical/project RNS found; structured fields require analyst review,2026-05-17
MTL,Metals Exploration,9th Dec 2025 7:00 am,La India Development Update,https://www.lse.co.uk/rns/MTL/la-india-development-update-6bs4hx9fu02mw1i.html,structured_fields_extracted,5,,True,30.0,,Reserve,FEED,,,,,,,,,2025.0,,,London South East RNS mirror,Medium,RNS metallurgical testwork found; RNS recovery percentage found; RNS resource confidence found: Reserve; RNS study stage found: FEED,2026-05-17
MTL,Metals Exploration,28th Nov 2025 7:00 am,Investor Presentation,https://www.lse.co.uk/rns/MTL/investor-presentation-n7hi8a0l5nqo7us.html,rns_or_document_found_needs_review,0,,,,,,,,,,,,,,,,,,London South East RNS mirror,Medium,Technical/project RNS found; structured fields require analyst review,2026-05-17
MTL,Metals Exploration,28th Nov 2025 7:00 am,La India Exploration Update – Extension to Pit,https://www.lse.co.uk/rns/MTL/la-india-exploration-update-8211-extension-to-pit-8abc9ajdh0h68iz.html,structured_fields_extracted,1,,,,,Reserve,,,,,,,,,,,,,London South East RNS mirror,Medium,RNS resource confidence found: Reserve,2026-05-17
MET1,Metals One,31st Mar 2026 7:01 am,Acquisition of 30% of Lions Bay Resources,https://www.lse.co.uk/rns/MET1/acquisition-of-30-of-lions-bay-resources-x2zvkd73c3n8tx6.html,structured_fields_extracted,4,,True,,,Reserve,PEA,,,,,,,,,,,mixed rare earth carbonate,London South East RNS mirror,Medium,RNS metallurgical testwork found; RNS resource confidence found: Reserve; RNS study stage found: PEA,2026-05-17
MET1,Metals One,26th Mar 2026 7:00 am,Update re Lions Bay Resources Offer for Vantage,https://www.lse.co.uk/rns/MET1/update-re-lions-bay-resources-offer-for-vantage-hiojyfvcrzpawtl.html,structured_fields_extracted,4,,True,,,Reserve,PEA,,,,,,,,,,,mixed rare earth carbonate,London South East RNS mirror,Medium,RNS metallurgical testwork found; RNS resource confidence found: Reserve; RNS study stage found: PEA,2026-05-17
MET1,Metals One,11th Feb 2026 7:00 am,Further Investment in Evolution Energy Minerals,https://www.lse.co.uk/rns/MET1/further-investment-in-evolution-energy-minerals-k0vued4187qnvzh.html,structured_fields_extracted,2,,True,,,,PEA,,,,,,,,,,,,London South East RNS mirror,Medium,RNS metallurgical testwork found; RNS study stage found: PEA,2026-05-17
MET1,Metals One,22nd Jan 2026 7:00 am,Updated Investor Presentation,https://www.lse.co.uk/rns/MET1/updated-investor-presentation-3a6knonu3q3ndyd.html,rns_or_document_found_needs_review,0,,,,,,,,,,,,,,,,,,London South East RNS mirror,Medium,Technical/project RNS found; structured fields require analyst review,2026-05-17
MET1,Metals One,29th Dec 2025 7:00 am,Investee Company Update: Lions Bay Resources,https://www.lse.co.uk/rns/MET1/investee-company-update-lions-bay-resources-kl14rv6s6w21gz8.html,structured_fields_extracted,4,,True,,,Reserve,FEED,,,,,,,,,,,mixed rare earth carbonate,London South East RNS mirror,Medium,RNS metallurgical testwork found; RNS resource confidence found: Reserve; RNS study stage found: FEED,2026-05-17
MKA,Mkango Resources,1st May 2026 7:00 am,YEAR END 2025 FINANCIAL STATEMENTS AND DFS,https://www.lse.co.uk/rns/MKA/year-end-2025-financial-statements-and-dfs-ryw44ouqzo8932j.html,structured_fields_extracted,4,,True,,,,DFS,,,,,43.0,,,,,,metals/alloys/recycling,London South East RNS mirror,Medium,RNS metallurgical testwork found; RNS NdPr basket evidence found; RNS study stage found: DFS,2026-05-17
MKA,Mkango Resources,28th Apr 2026 7:00 am,OPENING OF HYPROMAG PLANT IN PFORZHEIM,https://www.lse.co.uk/rns/MKA/opening-of-hypromag-plant-in-pforzheim-s1wcvm15q971uis.html,structured_fields_extracted,3,,True,,,,PEA,,,,,,,,,,,metals/alloys/recycling,London South East RNS mirror,Medium,RNS metallurgical testwork found; RNS study stage found: PEA,2026-05-17
MKA,Mkango Resources,19th Mar 2026 7:00 am,FEASIBILITY STUDY: SONGWE & PFS RESULTS: PUŁAWY,https://www.lse.co.uk/rns/MKA/feasibility-study-songwe-pfs-results-pu321awy-v734bs7u9u7ggoa.html,structured_fields_extracted,11,carbonatite,True,39.6,,Reserve,DFS,55.0,,83.4,,55.0,,,,325500000.0,13.0,metals/alloys/recycling,London South East RNS mirror,Medium,RNS mineralogy evidence found; RNS metallurgical testwork found; RNS recovery percentage found; RNS TREO grade found; RNS NdPr basket evidence found; RNS contained TREO found; RNS resource confidence found: Reserve; RNS study stage found: DFS,2026-05-17
MKA,Mkango Resources,15th Jan 2026 7:00 am,OFFICIAL OPENING OF RECYCLING PLANT IN BIRMINGHAM,https://www.lse.co.uk/rns/MKA/official-opening-of-recycling-plant-in-birmingham-w1oq0obncohov3f.html,structured_fields_extracted,3,,True,,,,PFS,,,,,,,,,,,metals/alloys/recycling,London South East RNS mirror,Medium,RNS metallurgical testwork found; RNS study stage found: PFS,2026-05-17
MKA,Mkango Resources,15th Sep 2025 7:00 am,HYPROMAG USA PROJECT UPDATE,https://www.lse.co.uk/rns/MKA/hypromag-usa-project-update-tj432tnojlnp887.html,structured_fields_extracted,3,,True,,,,FEED,,,,,,,,,,,metals/alloys/recycling,London South East RNS mirror,Medium,RNS metallurgical testwork found; RNS study stage found: FEED,2026-05-17
NEO,Neo Energy Metals,29th Apr 2026 7:00 am,Mining Right Application Accepted,https://www.lse.co.uk/rns/NEO/mining-right-application-accepted-c07g20rgp3ipwmc.html,structured_fields_extracted,6,,True,,,Measured,Pilot,,,,,,radioactivity/radionuclide handling referenced,,100.0,,,mixed rare earth carbonate,London South East RNS mirror,Medium,RNS metallurgical testwork found; RNS resource confidence found: Measured; RNS study stage found: Pilot; RNS impurity/radioactivity evidence found,2026-05-17
NEO,Neo Energy Metals,2nd Feb 2026 7:00 am,Delay in Publication of Annual Report and Accounts,https://www.lse.co.uk/rns/NEO/delay-in-publication-of-annual-report-and-accounts-8wwfgwhpnyne952.html,structured_fields_extracted,2,,,,,,,,,,,,radioactivity/radionuclide handling referenced,,,,,mixed rare earth carbonate,London South East RNS mirror,Medium,RNS impurity/radioactivity evidence found,2026-05-17
NEO,Neo Energy Metals,12th Dec 2025 2:45 pm,Update on Beisa Uranium and Gold Mine Acquisition,https://www.lse.co.uk/rns/NEO/update-on-beisa-uranium-and-gold-mine-acquisition-t4lma69acfrnuaf.html,structured_fields_extracted,4,,True,,,Measured,,,,,,,radioactivity/radionuclide handling referenced,,,,,mixed rare earth carbonate,London South East RNS mirror,Medium,RNS metallurgical testwork found; RNS resource confidence found: Measured; RNS impurity/radioactivity evidence found,2026-05-17
NEO,Neo Energy Metals,5th Dec 2025 1:00 pm,New Corporate Presentation,https://www.lse.co.uk/rns/NEO/new-corporate-presentation-pdzygjmf26yjg1x.html,structured_fields_extracted,3,,,,,,DFS,,,,,,radioactivity/radionuclide handling referenced,,,,,mixed rare earth carbonate,London South East RNS mirror,Medium,RNS study stage found: DFS; RNS impurity/radioactivity evidence found,2026-05-17
NEO,Neo Energy Metals,22nd Oct 2025 1:15 pm,Further Update on Investor Presentation,https://www.lse.co.uk/rns/NEO/further-update-on-investor-presentation-piekx7ri193h6pv.html,structured_fields_extracted,2,,,,,,,,,,,,radioactivity/radionuclide handling referenced,,,,,mixed rare earth carbonate,London South East RNS mirror,Medium,RNS impurity/radioactivity evidence found,2026-05-17
NMT,Neometals,12th Nov 2024 7:00 am,Positive Results from ELi™ Pilot Trial,https://www.lse.co.uk/rns/NMT/positive-results-from-eli8482-pilot-trial-8po8ev6ouip4ojp.html,structured_fields_extracted,5,,True,100.0,,,FEED,,,,,,,,,70.0,,mixed rare earth carbonate,London South East RNS mirror,Medium,RNS metallurgical testwork found; RNS recovery percentage found; RNS study stage found: FEED,2026-05-17
NMT,Neometals,22nd Oct 2024 7:00 am,Mercedes Benz Plant Opening,https://www.lse.co.uk/rns/NMT/mercedes-benz-plant-opening-86kq2ei43ddnbf5.html,structured_fields_extracted,4,,True,100.0,,,FEED,,,,,,,,,70.0,,,London South East RNS mirror,Medium,RNS metallurgical testwork found; RNS recovery percentage found; RNS study stage found: FEED,2026-05-17
NMT,Neometals,14th Oct 2024 9:49 am,Posting of Annual Report,https://www.lse.co.uk/rns/NMT/posting-of-annual-report-0z65g1ufsam67r0.html,structured_fields_extracted,4,,True,100.0,,,FEED,,,,,,,,,70.0,,,London South East RNS mirror,Medium,RNS metallurgical testwork found; RNS recovery percentage found; RNS study stage found: FEED,2026-05-17
NMT,Neometals,22nd Aug 2024 7:00 am,Precious Metals Recovery Option Lapse,https://www.lse.co.uk/rns/NMT/precious-metals-recovery-option-lapse-8lahj15udqv8lsi.html,structured_fields_extracted,4,,True,80.0,,,FEED,,,,,,,,,70.0,,,London South East RNS mirror,Medium,RNS metallurgical testwork found; RNS recovery percentage found; RNS study stage found: FEED,2026-05-17
NMT,Neometals,7th Aug 2024 7:00 am,Corporate Presentation,https://www.lse.co.uk/rns/NMT/corporate-presentation-pcm150nu7mq5exo.html,structured_fields_extracted,4,,True,100.0,,,FEED,,,,,,,,,70.0,,,London South East RNS mirror,Medium,RNS metallurgical testwork found; RNS recovery percentage found; RNS study stage found: FEED,2026-05-17
NFM,New Frontier Minerals,11th May 2026 7:00 am,Investor Presentation - Engage Investor Platform,https://www.lse.co.uk/rns/NFM/investor-presentation-engage-investor-platform-87gwp17t2zhwhjx.html,structured_fields_extracted,3,carbonatite,True,,,,,,,,,,radioactivity/radionuclide handling referenced,,,,,,London South East RNS mirror,Medium,RNS mineralogy evidence found; RNS metallurgical testwork found; RNS impurity/radioactivity evidence found,2026-05-17
NFM,New Frontier Minerals,23rd Feb 2026 7:00 am,Updated JORC Exploration Targets at Copper Project,https://www.lse.co.uk/rns/NFM/updated-jorc-exploration-targets-at-copper-project-4k3ocxsa1f0n9en.html,structured_fields_extracted,6,,True,,,Reserve,PEA,,2.1,,,,radioactivity/radionuclide handling referenced,,,,,metals/alloys/recycling,London South East RNS mirror,Medium,RNS metallurgical testwork found; RNS resource tonnage found; RNS resource confidence found: Reserve; RNS study stage found: PEA; RNS impurity/radioactivity evidence found,2026-05-17
NFM,New Frontier Minerals,5th Jan 2026 7:00 am,Mining Lease Application at Big One Copper,https://www.lse.co.uk/rns/NFM/mining-lease-application-at-big-one-copper-apy6q68c88b4kx7.html,structured_fields_extracted,6,,True,99.0,,Reserve,PEA,,2.1,,,,radioactivity/radionuclide handling referenced,,,,,,London South East RNS mirror,Medium,RNS metallurgical testwork found; RNS recovery percentage found; RNS resource tonnage found; RNS resource confidence found: Reserve; RNS study stage found: PEA; RNS impurity/radioactivity evidence found,2026-05-17
NFM,New Frontier Minerals,15th Dec 2025 7:06 am,Harts Range Drilling Campaign Nearing Completion,https://www.lse.co.uk/rns/NFM/harts-range-drilling-campaign-nearing-completion-8yxy86chhnaihjb.html,structured_fields_extracted,4,,True,,,Reserve,PEA,,,,,,radioactivity/radionuclide handling referenced,,,,,,London South East RNS mirror,Medium,RNS metallurgical testwork found; RNS resource confidence found: Reserve; RNS study stage found: PEA; RNS impurity/radioactivity evidence found,2026-05-17
NFM,New Frontier Minerals,2nd Dec 2025 7:00 am,Drilling Underway at Harts Range Projet,https://www.lse.co.uk/rns/NFM/drilling-underway-at-harts-range-projet-n3tt18mmxkeyq8z.html,structured_fields_extracted,5,,True,,,Reserve,PEA,,,,,,radioactivity/radionuclide handling referenced,,,,,metals/alloys/recycling,London South East RNS mirror,Medium,RNS metallurgical testwork found; RNS resource confidence found: Reserve; RNS study stage found: PEA; RNS impurity/radioactivity evidence found,2026-05-17
ORR,Oriole Resources,11th May 2026 4:34 pm,Posting of Annual Report and Notice of AGM,https://www.lse.co.uk/rns/ORR/posting-of-annual-report-and-notice-of-agm-4nw0rnyk4f5qb3w.html,structured_fields_extracted,1,,,,,Indicated,,,,,,,,,,,,,London South East RNS mirror,Medium,RNS resource confidence found: Indicated,2026-05-17
ORR,Oriole Resources,29th Apr 2026 11:41 am,Investor Presentation,https://www.lse.co.uk/rns/ORR/investor-presentation-ezmh47em727qpg9.html,structured_fields_extracted,1,,,,,Indicated,,,,,,,,,,,,,London South East RNS mirror,Medium,RNS resource confidence found: Indicated,2026-05-17
ORR,Oriole Resources,21st Apr 2026 7:00 am,Final Results for the year ended 31 December 2025,https://www.lse.co.uk/rns/ORR/final-results-for-the-year-ended-31-december-2025-kt30c82tb0vokty.html,structured_fields_extracted,5,,True,85.0,,Reserve,PEA,,,,,,,,,,,mixed rare earth carbonate,London South East RNS mirror,Medium,RNS metallurgical testwork found; RNS recovery percentage found; RNS resource confidence found: Reserve; RNS study stage found: PEA,2026-05-17
ORR,Oriole Resources,16th Apr 2026 7:00 am,Eastern CLP Gold Exploration Update,https://www.lse.co.uk/rns/ORR/eastern-clp-gold-exploration-update-21hr0pwderpgt5t.html,structured_fields_extracted,2,,,,,Indicated,PEA,,,,,,,,,,,,London South East RNS mirror,Medium,RNS resource confidence found: Indicated; RNS study stage found: PEA,2026-05-17
ORR,Oriole Resources,15th Apr 2026 7:00 am,Online Investor Presentation and Q&A Session,https://www.lse.co.uk/rns/ORR/online-investor-presentation-and-qa-session-y026ps2n9wfacrc.html,structured_fields_extracted,1,,,,,Indicated,,,,,,,,,,,,,London South East RNS mirror,Medium,RNS resource confidence found: Indicated,2026-05-17
PYX,PYX Resources,8th Apr 2025 7:00 am,Final Results,https://www.lse.co.uk/rns/PYX/final-results-nud31ow5zs5jj90.html,structured_fields_extracted,4,,True,,,Reserve,PEA,,,,,,,,,,,concentrate route,London South East RNS mirror,Medium,RNS metallurgical testwork found; RNS resource confidence found: Reserve; RNS study stage found: PEA,2026-05-17
PYX,PYX Resources,2nd Sep 2024 7:00 am,Investor Presentation,https://www.lse.co.uk/rns/PYX/investor-presentation-52nzyjoz7apg414.html,structured_fields_extracted,1,,True,,,,,,,,,,,,,,,,London South East RNS mirror,Medium,RNS metallurgical testwork found,2026-05-17
PYX,PYX Resources,6th Aug 2024 7:00 am,Operations Update HY 2024,https://www.lse.co.uk/rns/PYX/operations-update-hy-2024-ryh8gko2r4ur92n.html,structured_fields_extracted,3,,True,27.0,,,FEED,,,,,,,,,,,,London South East RNS mirror,Medium,RNS metallurgical testwork found; RNS recovery percentage found; RNS study stage found: FEED,2026-05-17
PYX,PYX Resources,14th May 2024 7:00 am,First Export of Monazite Rich Zircon Concentrate,https://www.lse.co.uk/rns/PYX/first-export-of-monazite-rich-zircon-concentrate-wjm3d7qopp532sh.html,structured_fields_extracted,5,monazite,True,,,Reserve,,,,,,,radioactivity/radionuclide handling referenced,,,,,concentrate route,London South East RNS mirror,Medium,RNS mineralogy evidence found; RNS metallurgical testwork found; RNS resource confidence found: Reserve; RNS impurity/radioactivity evidence found,2026-05-17
PYX,PYX Resources,19th Apr 2024 8:00 am,Company Presentation,https://www.lse.co.uk/rns/PYX/company-presentation-ah70takwhc3a3qw.html,structured_fields_extracted,1,,True,,,,,,,,,,,,,,,,London South East RNS mirror,Medium,RNS metallurgical testwork found,2026-05-17
PRE,Pensana,17th Apr 2026 7:00 am,US$165 million Strategic Investment to support U.S. Mine to Magnet strategy,https://www.lse.co.uk/rns/PRE/us165-million-strategic-investment-to-support-us-mine-to-magnet-strategy-r6q9s7u6umb3tx2.html,structured_fields_extracted,1,,,,,,,,,,,,,,,,,metals/alloys/recycling,London South East RNS mirror,Medium,Technical/project RNS found; structured fields require analyst review,2026-05-17
PRE,Pensana,9th Mar 2026 11:20 am,Adjournment of General Meeting and Corporate Presentation,https://www.lse.co.uk/rns/PRE/adjournment-of-general-meeting-and-corporate-presentation-fqk7g2h87m5fcn0.html,rns_or_document_found_needs_review,0,,,,,,,,,,,,,,,,,,London South East RNS mirror,Medium,Technical/project RNS found; structured fields require analyst review,2026-05-17
PRE,Pensana,4th Mar 2026 7:28 am,Increased US$165 million Strategic Investment to support U.S. Mine to Magnet strategy - Proposed adjournment of General Meeting,https://www.lse.co.uk/rns/PRE/increased-us165-million-strategic-investment-to-support-us-mine-to-magnet-strategy-proposed-adjournment-of-general-meeting-smmqa2s8szim8kb.html,structured_fields_extracted,1,,,,,,,,,,,,,,,,,metals/alloys/recycling,London South East RNS mirror,Medium,Technical/project RNS found; structured fields require analyst review,2026-05-17
PRE,Pensana,4th Feb 2026 7:00 am,Update on US$25 million Longonjo mine finance,https://www.lse.co.uk/rns/PRE/update-on-us25-million-longonjo-mine-finance-8eouki7xikuyvl6.html,rns_or_document_found_needs_review,0,,,,,,,,,,,,,,,,,,London South East RNS mirror,Medium,Technical/project RNS found; structured fields require analyst review,2026-05-17
PRE,Pensana,21st Jan 2026 7:04 am,Update on Longonjo infill and resource expansion drill programme,https://www.lse.co.uk/rns/PRE/update-on-longonjo-infill-and-resource-expansion-drill-programme-e2um8klh58ut928.html,structured_fields_extracted,4,,,,,Inferred,,1.43,313.0,,,,,,,,,metals/alloys/recycling,London South East RNS mirror,Medium,RNS TREO grade found; RNS resource tonnage found; RNS resource confidence found: Inferred,2026-05-17
PXC,Phoenix Copper Limited,30th Sep 2025 7:00 am,Interim Results,https://www.lse.co.uk/rns/PXC/interim-results-sejllzdnqrsyajc.html,structured_fields_extracted,6,,True,3.64,,Reserve,FEED,,,,,,,,,2.44,,metals/alloys/recycling,London South East RNS mirror,Medium,RNS metallurgical testwork found; RNS recovery percentage found; RNS resource confidence found: Reserve; RNS study stage found: FEED,2026-05-17
PXC,Phoenix Copper Limited,30th Jul 2025 7:00 am,Investor Presentation via Investor Meet Company,https://www.lse.co.uk/rns/PXC/investor-presentation-via-investor-meet-company-rysaknpigdsi7pl.html,structured_fields_extracted,2,,True,,,Reserve,,,,,,,,,,,,,London South East RNS mirror,Medium,RNS metallurgical testwork found; RNS resource confidence found: Reserve,2026-05-17
PXC,Phoenix Copper Limited,16th Jun 2025 3:20 pm,Final results for the year ended 31 December 2024,https://www.lse.co.uk/rns/PXC/final-results-for-the-year-ended-31-december-2024-iuq5lloz8c5hhz6.html,structured_fields_extracted,6,,True,3.64,,Reserve,FEED,,,,,,,,,153000000.0,,metals/alloys/recycling,London South East RNS mirror,Medium,RNS metallurgical testwork found; RNS recovery percentage found; RNS resource confidence found: Reserve; RNS study stage found: FEED,2026-05-17
PXC,Phoenix Copper Limited,28th Nov 2024 7:00 am,New Website and Updated Corporate Presentation,https://www.lse.co.uk/rns/PXC/new-website-and-updated-corporate-presentation-voejl4zx2e080st.html,structured_fields_extracted,3,,True,,,Reserve,PEA,,,,,,,,,,,,London South East RNS mirror,Medium,RNS metallurgical testwork found; RNS resource confidence found: Reserve; RNS study stage found: PEA,2026-05-17
PXC,Phoenix Copper Limited,26th Sep 2024 7:00 am,Interim Results,https://www.lse.co.uk/rns/PXC/interim-results-gbdyo3g4o250d6k.html,structured_fields_extracted,6,,True,3.64,,Reserve,FEED,,,,,,,,,2.44,,concentrate route,London South East RNS mirror,Medium,RNS metallurgical testwork found; RNS recovery percentage found; RNS resource confidence found: Reserve; RNS study stage found: FEED,2026-05-17
POW,Power Metal Resources PLC,1st May 2026 7:00 am,Uranium Joint Venture: Perch River Update,https://www.lse.co.uk/rns/POW/uranium-joint-venture-perch-river-update-31kjacd0v91v74j.html,structured_fields_extracted,6,,True,,,Indicated,PEA,,,,,,radioactivity/radionuclide handling referenced,,130.0,,,metals/alloys/recycling,London South East RNS mirror,Medium,RNS metallurgical testwork found; RNS resource confidence found: Indicated; RNS study stage found: PEA; RNS impurity/radioactivity evidence found,2026-05-17
POW,Power Metal Resources PLC,28th Apr 2026 7:00 am,Completion of East Hawkrock Drill Programme,https://www.lse.co.uk/rns/POW/completion-of-east-hawkrock-drill-programme-xg9ycbjadybkxhk.html,structured_fields_extracted,4,,True,,,,PEA,,,,,,radioactivity/radionuclide handling referenced,,,,,metals/alloys/recycling,London South East RNS mirror,Medium,RNS metallurgical testwork found; RNS study stage found: PEA; RNS impurity/radioactivity evidence found,2026-05-17
POW,Power Metal Resources PLC,27th Apr 2026 7:00 am,"Tati Gold Project, Botswana - Development Update",https://www.lse.co.uk/rns/POW/tati-gold-project-botswana-development-update-ej49v4on41rl728.html,structured_fields_extracted,2,,True,,,,PEA,,,,,,,,,,,,London South East RNS mirror,Medium,RNS metallurgical testwork found; RNS study stage found: PEA,2026-05-17
POW,Power Metal Resources PLC,20th Apr 2026 7:00 am,Uranium JV: Badger Lake Drill Programme,https://www.lse.co.uk/rns/POW/uranium-jv-badger-lake-drill-programme-fag61ezdfg3w27y.html,structured_fields_extracted,4,,True,,,,PEA,,,,,,radioactivity/radionuclide handling referenced,,,,,metals/alloys/recycling,London South East RNS mirror,Medium,RNS metallurgical testwork found; RNS study stage found: PEA; RNS impurity/radioactivity evidence found,2026-05-17
POW,Power Metal Resources PLC,27th Mar 2026 7:00 am,Fermi Exploration Update; East Hawkrock Drilling,https://www.lse.co.uk/rns/POW/fermi-exploration-update-east-hawkrock-drilling-3bcruhgl4bn5ui1.html,structured_fields_extracted,6,,True,,,Measured,DFS,,3.75,,,,radioactivity/radionuclide handling referenced,,,,,metals/alloys/recycling,London South East RNS mirror,Medium,RNS metallurgical testwork found; RNS resource tonnage found; RNS resource confidence found: Measured; RNS study stage found: DFS; RNS impurity/radioactivity evidence found,2026-05-17
PREM,Premier African Minerals,4th Mar 2026 12:07 pm,Zulu Lithium New Flotation Plant,https://www.lse.co.uk/rns/PREM/zulu-lithium-new-flotation-plant-2eefnvk4uvw9k6c.html,structured_fields_extracted,2,,,,,,PEA,,,,,,,,,,,concentrate route,London South East RNS mirror,Medium,RNS study stage found: PEA,2026-05-17
PREM,Premier African Minerals,11th Feb 2026 7:00 am,Zulu Lithium Flotation Plant,https://www.lse.co.uk/rns/PREM/zulu-lithium-flotation-plant-19bazgbo8fz49f8.html,structured_fields_extracted,2,,,,,,FEED,,,,,,,,,,,concentrate route,London South East RNS mirror,Medium,RNS study stage found: FEED,2026-05-17
PREM,Premier African Minerals,30th Oct 2025 11:00 am,Zulu Lithium Plant Update,https://www.lse.co.uk/rns/PREM/zulu-lithium-plant-update-oupb4rgk5r0lepn.html,structured_fields_extracted,2,,True,,,,PEA,,,,,,,,,,,,London South East RNS mirror,Medium,RNS metallurgical testwork found; RNS study stage found: PEA,2026-05-17
PREM,Premier African Minerals,30th Sep 2025 2:00 pm,Interim Results,https://www.lse.co.uk/rns/PREM/interim-results-hd7ns8qk4qtx9w8.html,structured_fields_extracted,3,,,,,Reserve,PEA,,,,,,,,,,,mixed rare earth carbonate,London South East RNS mirror,Medium,RNS resource confidence found: Reserve; RNS study stage found: PEA,2026-05-17
PREM,Premier African Minerals,17th Sep 2025 7:00 am,Zulu Lithium Plant Update,https://www.lse.co.uk/rns/PREM/zulu-lithium-plant-update-njz3b0sjam5ih9j.html,structured_fields_extracted,2,,,,,,PEA,,,,,,,,,,,concentrate route,London South East RNS mirror,Medium,RNS study stage found: PEA,2026-05-17
RBW,Rainbow Rare Earths,31st Mar 2026 7:15 am,Interim Results for six months to 31 December 2025,https://www.lse.co.uk/rns/RBW/interim-results-for-six-months-to-31-december-2025-6qh0qkbn0rhxaom.html,structured_fields_extracted,6,phosphogypsum,True,,,,DFS,55.0,,,,99.5,,,,,,metals/alloys/recycling,London South East RNS mirror,Medium,RNS mineralogy evidence found; RNS metallurgical testwork found; RNS TREO grade found; RNS NdPr basket evidence found; RNS study stage found: DFS,2026-05-17
RBW,Rainbow Rare Earths,17th Mar 2026 7:00 am,Publication of New Investor Presentation,https://www.lse.co.uk/rns/RBW/publication-of-new-investor-presentation-fdvsreu84pko2wb.html,structured_fields_extracted,1,phosphogypsum,,,,,,,,,,,,,,,,,London South East RNS mirror,Medium,RNS mineralogy evidence found,2026-05-17
RBW,Rainbow Rare Earths,17th Mar 2026 7:00 am,Publication of New Investor Presentation,https://www.lse.co.uk/rns/RBW/publication-of-new-investor-presentation-mytz4c082muzwyd.html,structured_fields_extracted,1,phosphogypsum,,,,,,,,,,,,,,,,,London South East RNS mirror,Medium,RNS mineralogy evidence found,2026-05-17
RBW,Rainbow Rare Earths,11th Mar 2026 7:00 am,Mosaic Agreement and Uberaba Economic Assessment,https://www.lse.co.uk/rns/RBW/mosaic-agreement-and-uberaba-economic-assessment-iu1e1b8q6h3ihsc.html,structured_fields_extracted,7,phosphogypsum,True,57.0,,,DFS,0.51,,,,70.0,,,,,,metals/alloys/recycling,London South East RNS mirror,Medium,RNS mineralogy evidence found; RNS metallurgical testwork found; RNS recovery percentage found; RNS TREO grade found; RNS NdPr basket evidence found; RNS study stage found: DFS,2026-05-17
RBW,Rainbow Rare Earths,11th Mar 2026 7:00 am,Mosaic Agreement and Uberaba Economic Assessment,https://www.lse.co.uk/rns/RBW/mosaic-agreement-and-uberaba-economic-assessment-xn06fw7vtbb3npg.html,structured_fields_extracted,7,phosphogypsum,True,57.0,,,DFS,0.51,,,,70.0,,,,,,metals/alloys/recycling,London South East RNS mirror,Medium,RNS mineralogy evidence found; RNS metallurgical testwork found; RNS recovery percentage found; RNS TREO grade found; RNS NdPr basket evidence found; RNS study stage found: DFS,2026-05-17
RRR,Red Rock Resources,22nd Dec 2025 7:26 am,Final Results,https://www.lse.co.uk/rns/RRR/final-results-8vzf6eg74cvpz66.html,structured_fields_extracted,3,,,,,Reserve,PEA,,,,,,,,,,,concentrate route,London South East RNS mirror,Medium,RNS resource confidence found: Reserve; RNS study stage found: PEA,2026-05-17
RRR,Red Rock Resources,22nd Dec 2025 7:26 am,Final Results,https://www.lse.co.uk/rns/RRR/final-results-opelucxivfkbp3d.html,structured_fields_extracted,3,,,,,Reserve,PEA,,,,,,,,,,,concentrate route,London South East RNS mirror,Medium,RNS resource confidence found: Reserve; RNS study stage found: PEA,2026-05-17
RIO,Rio Tinto,12th May 2026 1:41 pm,"BoA Global Metals, Mining & Steel Conference 2026",https://www.lse.co.uk/rns/RIO/boa-global-metals-mining-steel-conference-2026-085hwuue8kksvk4.html,rns_or_document_found_needs_review,0,,,,,,,,,,,,,,,,,,London South East RNS mirror,Medium,Technical/project RNS found; structured fields require analyst review,2026-05-17
RIO,Rio Tinto,21st Apr 2026 7:00 am,Drilling/Production Report,https://www.lse.co.uk/rns/RIO/drillingproduction-report-r3h6a3y27zgslt9.html,structured_fields_extracted,5,,True,1.0,,Reserve,FEED,,,,,,,,,,,mixed rare earth carbonate,London South East RNS mirror,Medium,RNS metallurgical testwork found; RNS recovery percentage found; RNS resource confidence found: Reserve; RNS study stage found: FEED,2026-05-17
RIO,Rio Tinto,19th Feb 2026 7:00 am,2025 Annual Report,https://www.lse.co.uk/rns/RIO/2025-annual-report-u90e17qxk7sb6k4.html,structured_fields_extracted,1,,True,,,,,,,,,,,,,,,,London South East RNS mirror,Medium,RNS metallurgical testwork found,2026-05-17
RIO,Rio Tinto,19th Feb 2026 7:00 am,2025 Full year results presentation,https://www.lse.co.uk/rns/RIO/2025-full-year-results-presentation-sh4h1d291gs223m.html,structured_fields_extracted,1,,True,,,,,,,,,,,,,,,,London South East RNS mirror,Medium,RNS metallurgical testwork found,2026-05-17
RIO,Rio Tinto,19th Feb 2026 7:00 am,Mineral Resources and Ore Reserves updates,https://www.lse.co.uk/rns/RIO/mineral-resources-and-ore-reserves-updates-lqdkkxocj7zh58s.html,structured_fields_extracted,4,,True,,,Reserve,FEED,,65.0,,,,,,,,,,London South East RNS mirror,Medium,RNS metallurgical testwork found; RNS resource tonnage found; RNS resource confidence found: Reserve; RNS study stage found: FEED,2026-05-17
ROCK,Rockfire Resources,11th May 2026 7:00 am,Molaoi Drilling Update,https://www.lse.co.uk/rns/ROCK/molaoi-drilling-update-1d83n89howemdmi.html,structured_fields_extracted,4,,True,,,Indicated,FEED,,15.0,,,,,,,,,,London South East RNS mirror,Medium,RNS metallurgical testwork found; RNS resource tonnage found; RNS resource confidence found: Indicated; RNS study stage found: FEED,2026-05-17
ROCK,Rockfire Resources,29th Apr 2026 7:00 am,Investor Conference and Updated Presentation,https://www.lse.co.uk/rns/ROCK/investor-conference-and-updated-presentation-dxf0l5s2nc5eipd.html,rns_or_document_found_needs_review,0,,,,,,,,,,,,,,,,,,London South East RNS mirror,Medium,Technical/project RNS found; structured fields require analyst review,2026-05-17
ROCK,Rockfire Resources,21st Apr 2026 7:00 am,Molaoi Drilling Update,https://www.lse.co.uk/rns/ROCK/molaoi-drilling-update-896nsl4d5g8ccl4.html,structured_fields_extracted,4,,True,,,Indicated,PEA,,15.0,,,,,,,,,,London South East RNS mirror,Medium,RNS metallurgical testwork found; RNS resource tonnage found; RNS resource confidence found: Indicated; RNS study stage found: PEA,2026-05-17
ROCK,Rockfire Resources,10th Apr 2026 7:00 am,Molaoi Drilling Update,https://www.lse.co.uk/rns/ROCK/molaoi-drilling-update-4ys7slbxdn16eo2.html,structured_fields_extracted,4,,True,,,Indicated,FEED,,15.0,,,,,,,,,,London South East RNS mirror,Medium,RNS metallurgical testwork found; RNS resource tonnage found; RNS resource confidence found: Indicated; RNS study stage found: FEED,2026-05-17
ROCK,Rockfire Resources,25th Feb 2026 7:00 am,Molaoi Drilling Update,https://www.lse.co.uk/rns/ROCK/molaoi-drilling-update-okk6e88u8may4nq.html,structured_fields_extracted,5,,True,,,Indicated,PEA,,15.0,,,,,,,,,concentrate route,London South East RNS mirror,Medium,RNS metallurgical testwork found; RNS resource tonnage found; RNS resource confidence found: Indicated; RNS study stage found: PEA,2026-05-17
RMR,Rome Resources PLC,9th Apr 2026 7:25 am,Drilling programme completed,https://www.lse.co.uk/rns/RMR/drilling-programme-completed-1j5qxcrydvd96pg.html,structured_fields_extracted,3,,True,,,,FEED,,,,,,,,,,,separated oxide / separation route,London South East RNS mirror,Medium,RNS metallurgical testwork found; RNS study stage found: FEED,2026-05-17
RMR,Rome Resources PLC,24th Mar 2026 7:00 am,Kalayi Drilling Delivers Widest Intercept to Date,https://www.lse.co.uk/rns/RMR/kalayi-drilling-delivers-widest-intercept-to-date-s3ugswgqppr1mo6.html,structured_fields_extracted,2,,,,,,FEED,,,,,,,,,,,separated oxide / separation route,London South East RNS mirror,Medium,RNS study stage found: FEED,2026-05-17
RMR,Rome Resources PLC,18th Mar 2026 7:00 am,"Kalayi Drilling, High-Grade Tin Intercepts",https://www.lse.co.uk/rns/RMR/kalayi-drilling-high-grade-tin-intercepts-rcmidazld5o7l62.html,rns_or_document_found_needs_review,0,,,,,,,,,,,,,,,,,,London South East RNS mirror,Medium,Technical/project RNS found; structured fields require analyst review,2026-05-17
RMR,Rome Resources PLC,20th Feb 2026 7:00 am,Recording: Rome Resources Webinar and Q&A,https://www.lse.co.uk/rns/RMR/recording-rome-resources-webinar-and-qa-r7fpshy5st5y6in.html,rns_or_document_found_needs_review,0,,,,,,,,,,,,,,,,,,London South East RNS mirror,Medium,Technical/project RNS found; structured fields require analyst review,2026-05-17
RMR,Rome Resources PLC,16th Feb 2026 7:00 am,Kalayi Drilling Update,https://www.lse.co.uk/rns/RMR/kalayi-drilling-update-39gjmm9fikyrydk.html,rns_or_document_found_needs_review,0,,,,,,,,,,,,,,,,,,London South East RNS mirror,Medium,Technical/project RNS found; structured fields require analyst review,2026-05-17
SAV,Savannah Resources,21st Apr 2026 7:00 am,Investor Presentation,https://www.lse.co.uk/rns/SAV/investor-presentation-adw47660kbnas55.html,structured_fields_extracted,2,,,,,,PEA,,,,,,,,,,,concentrate route,London South East RNS mirror,Medium,RNS study stage found: PEA,2026-05-17
SAV,Savannah Resources,7th Apr 2026 7:00 am,Investor Presentation,https://www.lse.co.uk/rns/SAV/investor-presentation-ao181cy04hxj0ux.html,structured_fields_extracted,2,,,,,,PEA,,,,,,,,,,,concentrate route,London South East RNS mirror,Medium,RNS study stage found: PEA,2026-05-17
SAV,Savannah Resources,26th Feb 2026 7:00 am,Project Update,https://www.lse.co.uk/rns/SAV/project-update-qarm7brt2gtmq6x.html,structured_fields_extracted,3,,,,,Reserve,DFS,,,,,,,,,,,concentrate route,London South East RNS mirror,Medium,RNS resource confidence found: Reserve; RNS study stage found: DFS,2026-05-17
SAV,Savannah Resources,19th Dec 2025 7:00 am,Acquisition of Aldeia Mining Lease - Update,https://www.lse.co.uk/rns/SAV/acquisition-of-aldeia-mining-lease-update-e3drpwaglq5e1mn.html,structured_fields_extracted,4,,,,,Indicated,DFS,,3.5,,,,,,,,,concentrate route,London South East RNS mirror,Medium,RNS resource tonnage found; RNS resource confidence found: Indicated; RNS study stage found: DFS,2026-05-17
SAV,Savannah Resources,19th Dec 2025 7:00 am,Acquisition of Aldeia Mining Lease - Update,https://www.lse.co.uk/rns/SAV/acquisition-of-aldeia-mining-lease-update-ztw3othn5539588.html,structured_fields_extracted,4,,,,,Indicated,DFS,,3.5,,,,,,,,,concentrate route,London South East RNS mirror,Medium,RNS resource tonnage found; RNS resource confidence found: Indicated; RNS study stage found: DFS,2026-05-17
SKA,Shuka Minerals PLC,14th May 2026 7:00 am,Commencement of Drilling at Kabwe,https://www.lse.co.uk/rns/SKA/commencement-of-drilling-at-kabwe-bvzo1hvqgba890x.html,rns_or_document_found_needs_review,0,,,,,,,,,,,,,,,,,,London South East RNS mirror,Medium,Technical/project RNS found; structured fields require analyst review,2026-05-17
SKA,Shuka Minerals PLC,29th Apr 2026 7:00 am,Drilling contractor appointed & Kabwe drilling,https://www.lse.co.uk/rns/SKA/drilling-contractor-appointed-kabwe-drilling-2ldpbpphk7a9j14.html,structured_fields_extracted,4,,True,,,Reserve,,,6.8,,,,,,,,,metals/alloys/recycling,London South East RNS mirror,Medium,RNS metallurgical testwork found; RNS resource tonnage found; RNS resource confidence found: Reserve,2026-05-17
SKA,Shuka Minerals PLC,27th Feb 2026 7:00 am,Laboratory Results of Field Samples at Kabwe Mine,https://www.lse.co.uk/rns/SKA/laboratory-results-of-field-samples-at-kabwe-mine-ap8kqw0wm9zuntf.html,structured_fields_extracted,1,,True,,,,,,,,,,,,,,,,London South East RNS mirror,Medium,RNS metallurgical testwork found,2026-05-17
SKA,Shuka Minerals PLC,25th Feb 2026 7:00 am,Results of Field Samples at Kabwe Mine,https://www.lse.co.uk/rns/SKA/results-of-field-samples-at-kabwe-mine-l0nrm2f2q4zriyu.html,structured_fields_extracted,1,,True,,,,,,,,,,,,,,,,London South East RNS mirror,Medium,RNS metallurgical testwork found,2026-05-17
SKA,Shuka Minerals PLC,16th Jan 2026 7:00 am,Completion of LEM and Kabwe Mine acquisition,https://www.lse.co.uk/rns/SKA/completion-of-lem-and-kabwe-mine-acquisition-zbyp2ecmlxjya6r.html,structured_fields_extracted,2,,,,,,PEA,,5.723,,,,,,,,,,London South East RNS mirror,Medium,RNS resource tonnage found; RNS study stage found: PEA,2026-05-17
S32,South32 Limited,30th Apr 2026 7:00 am,Hermosa Project Update,https://www.lse.co.uk/rns/S32/hermosa-project-update-3wy3i9pwx70u3dt.html,structured_fields_extracted,7,,True,92.0,54.0,Reserve,FEED,,33.0,,,,,,,,,metals/alloys/recycling,London South East RNS mirror,Medium,RNS metallurgical testwork found; RNS recovery percentage found; RNS concentrate grade found; RNS resource tonnage found; RNS resource confidence found: Reserve; RNS study stage found: FEED,2026-05-17
S32,South32 Limited,12th Feb 2026 7:18 am,2026 Half Year Financial Results Presentation,https://www.lse.co.uk/rns/S32/2026-half-year-financial-results-presentation-w0nl54bv4d0zpab.html,structured_fields_extracted,1,,True,,,,,,,,,,,,,,,,London South East RNS mirror,Medium,RNS metallurgical testwork found,2026-05-17
SVML,Sovereign Metals,16th Apr 2026 7:00 am,Kasiya Definitive Feasibility Study Results,https://www.lse.co.uk/rns/SVML/kasiya-definitive-feasibility-study-results-ism6plxfw8md79a.html,structured_fields_extracted,9,monazite,True,97.6,95.5,Reserve,DFS,,,,,,,,,3.0,1.35,metals/alloys/recycling,London South East RNS mirror,Medium,RNS mineralogy evidence found; RNS metallurgical testwork found; RNS recovery percentage found; RNS concentrate grade found; RNS resource confidence found: Reserve; RNS study stage found: DFS,2026-05-17
SVML,Sovereign Metals,18th Mar 2026 7:00 am,Kasiya MRE Significantly Upgraded Ahead of DFS,https://www.lse.co.uk/rns/SVML/kasiya-mre-significantly-upgraded-ahead-of-dfs-8w1ihwj1wwavaf6.html,structured_fields_extracted,8,monazite,True,95.0,,Reserve,DFS,,652.0,,,,,,,,1.35,metals/alloys/recycling,London South East RNS mirror,Medium,RNS mineralogy evidence found; RNS metallurgical testwork found; RNS recovery percentage found; RNS resource tonnage found; RNS resource confidence found: Reserve; RNS study stage found: DFS,2026-05-17
SVML,Sovereign Metals,27th Oct 2025 1:46 pm,Kasiya Unaffected by Malawi Minerals Export Order,https://www.lse.co.uk/rns/SVML/kasiya-unaffected-by-malawi-minerals-export-order-ypoykj1tc7yte74.html,structured_fields_extracted,3,,True,,,Reserve,FEED,,,,,,,,,,,,London South East RNS mirror,Medium,RNS metallurgical testwork found; RNS resource confidence found: Reserve; RNS study stage found: FEED,2026-05-17
SVML,Sovereign Metals,26th Sep 2025 7:00 am,2025 Annual Report,https://www.lse.co.uk/rns/SVML/2025-annual-report-7zowegfr7y2t9g3.html,structured_fields_extracted,5,,True,100.0,,Reserve,DFS,,,,,,,,,,,concentrate route,London South East RNS mirror,Medium,RNS metallurgical testwork found; RNS recovery percentage found; RNS resource confidence found: Reserve; RNS study stage found: DFS,2026-05-17
SVML,Sovereign Metals,11th Aug 2025 7:00 am,Mining Method and Fleet Design Finalised for DFS,https://www.lse.co.uk/rns/SVML/mining-method-and-fleet-design-finalised-for-dfs-lqviaxa30mvh4vf.html,structured_fields_extracted,3,,True,,,Reserve,DFS,,,,,,,,,,,,London South East RNS mirror,Medium,RNS metallurgical testwork found; RNS resource confidence found: Reserve; RNS study stage found: DFS,2026-05-17
SAUD,Stl.au.ind.gdr,1st Jun 2009 7:00 am,Final Results,https://www.lse.co.uk/rns/SAUD/final-results-xvh09uiruuks1op.html,rns_or_document_found_needs_review,0,,,,,,,,,,,,,,,,,,London South East RNS mirror,Medium,Technical/project RNS found; structured fields require analyst review,2026-05-17
SAUD,Stl.au.ind.gdr,19th May 2008 7:00 am,Final Results,https://www.lse.co.uk/rns/SAUD/final-results-sh9a213wlyifflj.html,rns_or_document_found_needs_review,0,,,,,,,,,,,,,,,,,,London South East RNS mirror,Medium,Technical/project RNS found; structured fields require analyst review,2026-05-17
SAUD,Stl.au.ind.gdr,29th May 2007 7:01 am,Final Results,https://www.lse.co.uk/rns/SAUD/final-results-bn0ldhi04px369p.html,rns_or_document_found_needs_review,0,,,,,,,,,,,,,,,,,,London South East RNS mirror,Medium,Technical/project RNS found; structured fields require analyst review,2026-05-17
SAUD,Stl.au.ind.gdr,26th May 2006 10:37 am,Final Results,https://www.lse.co.uk/rns/SAUD/final-results-chgnu2b8tpinqul.html,rns_or_document_found_needs_review,0,,,,,,,,,,,,,,,,,,London South East RNS mirror,Medium,Technical/project RNS found; structured fields require analyst review,2026-05-17
SML,Strategic Minerals,12th May 2026 7:00 am,Redmoor - Drilling Update,https://www.lse.co.uk/rns/SML/redmoor-drilling-update-vvxcpaaypbmicrx.html,structured_fields_extracted,4,,True,,,Reserve,PFS,,,,,,,,,,,metals/alloys/recycling,London South East RNS mirror,Medium,RNS metallurgical testwork found; RNS resource confidence found: Reserve; RNS study stage found: PFS,2026-05-17
SML,Strategic Minerals,31st Mar 2026 7:00 am,Redmoor-Initiation of Resource Infill Drilling,https://www.lse.co.uk/rns/SML/redmoor-initiation-of-resource-infill-drilling-telyth06uf5ejv9.html,structured_fields_extracted,4,,True,,,Reserve,PFS,,,,,,,,,,,metals/alloys/recycling,London South East RNS mirror,Medium,RNS metallurgical testwork found; RNS resource confidence found: Reserve; RNS study stage found: PFS,2026-05-17
SML,Strategic Minerals,26th Mar 2026 7:00 am,Redmoor - 2026 Mineral Resource Estimate,https://www.lse.co.uk/rns/SML/redmoor-2026-mineral-resource-estimate-7yb28u7yd8egbj4.html,structured_fields_extracted,6,,True,86.0,,Reserve,PFS,,17.4,,,,,,,,,metals/alloys/recycling,London South East RNS mirror,Medium,RNS metallurgical testwork found; RNS recovery percentage found; RNS resource tonnage found; RNS resource confidence found: Reserve; RNS study stage found: PFS,2026-05-17
SML,Strategic Minerals,23rd Mar 2026 7:00 am,Notice of MRE/Economic Update & Webinar,https://www.lse.co.uk/rns/SML/notice-of-mreeconomic-update-webinar-htc2u8d931kq0rn.html,structured_fields_extracted,5,,True,72.0,,Inferred,Scoping,,,,,,,,,,,metals/alloys/recycling,London South East RNS mirror,Medium,RNS metallurgical testwork found; RNS recovery percentage found; RNS resource confidence found: Inferred; RNS study stage found: Scoping,2026-05-17
SML,Strategic Minerals,20th Mar 2026 7:00 am,Redmoor- Significant Increase in Tungsten Recovery,https://www.lse.co.uk/rns/SML/redmoor-significant-increase-in-tungsten-recovery-ay4n79oigkjq79v.html,structured_fields_extracted,5,,True,19.2,,Reserve,FEED,,,,,,,,,,,metals/alloys/recycling,London South East RNS mirror,Medium,RNS metallurgical testwork found; RNS recovery percentage found; RNS resource confidence found: Reserve; RNS study stage found: FEED,2026-05-17
SRES,Sunrise Resources PLC,27th Feb 2026 7:00 am,ANNUAL REPORT TO 30 SEPTEMBER 2025 & NOTICE OF AGM,https://www.lse.co.uk/rns/SRES/annual-report-to-30-september-2025-notice-of-agm-0e89c0uuw8bjd5x.html,rns_or_document_found_needs_review,0,,,,,,,,,,,,,,,,,,London South East RNS mirror,Medium,Technical/project RNS found; structured fields require analyst review,2026-05-17
SRES,Sunrise Resources PLC,15th Sep 2025 10:31 am,CS NATURAL POZZOLAN PROJECT UPDATE,https://www.lse.co.uk/rns/SRES/cs-natural-pozzolan-project-update-og0cdse3folkj9y.html,structured_fields_extracted,1,,,,,,PEA,,,,,,,,,,,,London South East RNS mirror,Medium,RNS study stage found: PEA,2026-05-17
SRES,Sunrise Resources PLC,15th Sep 2025 9:28 am,HAZEN PROJECT UPDATE,https://www.lse.co.uk/rns/SRES/hazen-project-update-kmydvvonxp9nxgv.html,structured_fields_extracted,1,,,,,,PEA,,,,,,,,,,,,London South East RNS mirror,Medium,RNS study stage found: PEA,2026-05-17
SRES,Sunrise Resources PLC,14th Feb 2025 11:00 am,ANNUAL REPORT & NOTICE OF 2025 AGM,https://www.lse.co.uk/rns/SRES/annual-report-notice-of-2025-agm-ytv16sztx0cvkqe.html,rns_or_document_found_needs_review,0,,,,,,,,,,,,,,,,,,London South East RNS mirror,Medium,Technical/project RNS found; structured fields require analyst review,2026-05-17
TKO,Taseko Mines Limited,14th Apr 2026 1:30 pm,Taseko Updates Florence Copper and Gibraltar First Quarter Production,https://www.lse.co.uk/rns/TKO/taseko-updates-florence-copper-and-gibraltar-first-quarter-production-j07rjmmc1obm6ea.html,structured_fields_extracted,4,,True,83.0,,Reserve,,,,,,,,,,,,concentrate route,London South East RNS mirror,Medium,RNS metallurgical testwork found; RNS recovery percentage found; RNS resource confidence found: Reserve,2026-05-17
TKO,Taseko Mines Limited,2nd Mar 2026 1:30 pm,Taseko announces First Cathode Harvest at Florence Copper,https://www.lse.co.uk/rns/TKO/taseko-announces-first-cathode-harvest-at-florence-copper-u3rc2xwbrh1wv9b.html,structured_fields_extracted,3,,True,,,Reserve,,,,,,,,,,,,concentrate route,London South East RNS mirror,Medium,RNS metallurgical testwork found; RNS resource confidence found: Reserve,2026-05-17
TKO,Taseko Mines Limited,19th Feb 2026 10:45 am,Fourth Quarter Results and Florence Production,https://www.lse.co.uk/rns/TKO/fourth-quarter-results-and-florence-production-4lynzlvrtdp1n5z.html,structured_fields_extracted,5,,True,79.0,,Reserve,FEED,,,,,,,,,,,separated oxide / separation route,London South East RNS mirror,Medium,RNS metallurgical testwork found; RNS recovery percentage found; RNS resource confidence found: Reserve; RNS study stage found: FEED,2026-05-17
TKO,Taseko Mines Limited,18th Feb 2026 10:18 pm,Taseko Announces Strong Fourth Quarter Financial Results and Commencement of Copper Production at Florence Copper,https://www.lse.co.uk/rns/TKO/taseko-announces-strong-fourth-quarter-financial-results-and-commencement-of-copper-production-at-florence-copper-72sw6rkrz4n3vhg.html,structured_fields_extracted,5,,True,79.0,,Reserve,FEED,,,,,,,,,,,separated oxide / separation route,London South East RNS mirror,Medium,RNS metallurgical testwork found; RNS recovery percentage found; RNS resource confidence found: Reserve; RNS study stage found: FEED,2026-05-17
TKO,Taseko Mines Limited,13th Jan 2026 1:30 pm,Taseko Provides Update on Florence Copper Ramp-up and Gibraltar 2025 Production Results,https://www.lse.co.uk/rns/TKO/taseko-provides-update-on-florence-copper-ramp-up-and-gibraltar-2025-production-results-5m0n842514w5xyv.html,structured_fields_extracted,4,,True,81.0,,Reserve,,,,,,,,,,,,concentrate route,London South East RNS mirror,Medium,RNS metallurgical testwork found; RNS recovery percentage found; RNS resource confidence found: Reserve,2026-05-17
TTST,Tata Steel Limited,27th Feb 2026 2:25 pm,Sale of Ferro Alloy Plant at Jajpur to IMFA Ltd.,https://www.lse.co.uk/rns/TTST/sale-of-ferro-alloy-plant-at-jajpur-to-imfa-ltd-xwvtdpcxhbe6mya.html,rns_or_document_found_needs_review,0,,,,,,,,,,,,,,,,,,London South East RNS mirror,Medium,Technical/project RNS found; structured fields require analyst review,2026-05-17
TM1,Tech Minerals,28th Apr 2026 7:00 am,New Separation Equipment Processing Material,https://www.lse.co.uk/rns/TM1/new-separation-equipment-processing-material-u11egm26mwihxdg.html,structured_fields_extracted,2,,,,,,FEED,,,,,,,,,,,separated oxide / separation route,London South East RNS mirror,Medium,RNS study stage found: FEED,2026-05-17
TM1,Tech Minerals,1st Apr 2026 9:06 am,Interim Results,https://www.lse.co.uk/rns/TM1/interim-results-mfwpzxsglqq9x7y.html,structured_fields_extracted,2,,True,,,,FEED,,,,,,,,,,,,London South East RNS mirror,Medium,RNS metallurgical testwork found; RNS study stage found: FEED,2026-05-17
TM1,Tech Minerals,3rd Nov 2025 8:00 am,Update on publication of Annual Report & Accounts,https://www.lse.co.uk/rns/TM1/update-on-publication-of-annual-report-accounts-jqmgzm0urdu78oi.html,structured_fields_extracted,1,,,,,,PEA,,,,,,,,,,,,London South East RNS mirror,Medium,RNS study stage found: PEA,2026-05-17
TM1,Tech Minerals,3rd Nov 2025 7:30 am,Suspension - TECHNOLOGY MINERALS PLC,https://www.lse.co.uk/rns/TM1/suspension-technology-minerals-plc-dtsxru28omm1mo3.html,structured_fields_extracted,1,,True,,,,,,,,,,,,,,,,London South East RNS mirror,Medium,RNS metallurgical testwork found,2026-05-17
TM1,Tech Minerals,31st Mar 2025 7:00 am,Interim Results,https://www.lse.co.uk/rns/TM1/interim-results-p8dz3dedb4p5nt1.html,structured_fields_extracted,1,,,,,,PEA,,,,,,,,,,,,London South East RNS mirror,Medium,RNS study stage found: PEA,2026-05-17
TYM,Tertiary Minerals,5th May 2026 7:34 am,"Operations Update, Zambia",https://www.lse.co.uk/rns/TYM/operations-update-zambia-vl01tjln2787mrf.html,structured_fields_extracted,3,,True,,,Exploration target,PEA,,,,,,,,,,,,London South East RNS mirror,Medium,RNS metallurgical testwork found; RNS resource confidence found: Exploration target; RNS study stage found: PEA,2026-05-17
TYM,Tertiary Minerals,20th Apr 2026 7:00 am,Investor Presentation via Investor Meet Company,https://www.lse.co.uk/rns/TYM/investor-presentation-via-investor-meet-company-eg7fmolnimqaous.html,structured_fields_extracted,1,,,,,Exploration target,,,,,,,,,,,,,London South East RNS mirror,Medium,RNS resource confidence found: Exploration target,2026-05-17
TYM,Tertiary Minerals,30th Mar 2026 7:00 am,JORC Compliant Exploration Target - Mushima North,https://www.lse.co.uk/rns/TYM/jorc-compliant-exploration-target-mushima-north-pxcjz6k3wc3a2rq.html,structured_fields_extracted,5,,True,,,Reserve,FEED,,4.0,,,,,,,,,metals/alloys/recycling,London South East RNS mirror,Medium,RNS metallurgical testwork found; RNS resource tonnage found; RNS resource confidence found: Reserve; RNS study stage found: FEED,2026-05-17
TYM,Tertiary Minerals,20th Feb 2026 7:00 am,Annual Report for the Year Ended 30 September 2025,https://www.lse.co.uk/rns/TYM/annual-report-for-the-year-ended-30-september-2025-sz5nud7p16jeujc.html,rns_or_document_found_needs_review,0,,,,,,,,,,,,,,,,,,London South East RNS mirror,Medium,Technical/project RNS found; structured fields require analyst review,2026-05-17
TYM,Tertiary Minerals,4th Feb 2026 7:00 am,"Highest Grade Ag-Cu at Target A1, Mushima North",https://www.lse.co.uk/rns/TYM/highest-grade-ag-cu-at-target-a1-mushima-north-dnpo0ijtgn9303v.html,structured_fields_extracted,3,,,100.0,,Exploration target,PEA,,,,,,,,,,,,London South East RNS mirror,Medium,RNS recovery percentage found; RNS resource confidence found: Exploration target; RNS study stage found: PEA,2026-05-17
THS,Tharisa PLC,7th May 2026 7:00 am,Tharisa signs 5-year underground mining contract,https://www.lse.co.uk/rns/THS/tharisa-signs-5-year-underground-mining-contract-auys49i1tl0bpp6.html,structured_fields_extracted,1,,,,,,,,,,,,,,,,,metals/alloys/recycling,London South East RNS mirror,Medium,Technical/project RNS found; structured fields require analyst review,2026-05-17
THS,Tharisa PLC,19th Dec 2025 7:00 am,Distribution of Annual Report and Notice of AGM,https://www.lse.co.uk/rns/THS/distribution-of-annual-report-and-notice-of-agm-494bz9yct0advg2.html,structured_fields_extracted,1,,,,,,,,,,,,,,,,,metals/alloys/recycling,London South East RNS mirror,Medium,Technical/project RNS found; structured fields require analyst review,2026-05-17
THS,Tharisa PLC,19th Dec 2025 7:00 am,Distribution of Annual Report and Notice of AGM,https://www.lse.co.uk/rns/THS/distribution-of-annual-report-and-notice-of-agm-0974fhd8jskpu0l.html,structured_fields_extracted,1,,,,,,,,,,,,,,,,,metals/alloys/recycling,London South East RNS mirror,Medium,Technical/project RNS found; structured fields require analyst review,2026-05-17
THS,Tharisa PLC,6th Oct 2025 9:15 am,Mining Royalty - Tax Court Judgment,https://www.lse.co.uk/rns/THS/mining-royalty-tax-court-judgment-9qmx4ci1r372p2u.html,structured_fields_extracted,3,,True,,,,PEA,,,,,,,,,,,concentrate route,London South East RNS mirror,Medium,RNS metallurgical testwork found; RNS study stage found: PEA,2026-05-17
THS,Tharisa PLC,3rd Oct 2025 9:00 am,Phased transition to underground mining,https://www.lse.co.uk/rns/THS/phased-transition-to-underground-mining-3nv0v8hfa0aob5u.html,structured_fields_extracted,3,,,,,Reserve,FEED,,,,,,,,,,,concentrate route,London South East RNS mirror,Medium,RNS resource confidence found: Reserve; RNS study stage found: FEED,2026-05-17
THR,Thor Energy,13th Aug 2025 7:00 am,Completion of Sale of 75% interest in US Uranium,https://www.lse.co.uk/rns/THR/completion-of-sale-of-75-interest-in-us-uranium-tjwpv6vuf64466t.html,structured_fields_extracted,3,,True,,,,PEA,,,,,,radioactivity/radionuclide handling referenced,,,,,,London South East RNS mirror,Medium,RNS metallurgical testwork found; RNS study stage found: PEA; RNS impurity/radioactivity evidence found,2026-05-17
THR,Thor Energy,25th Jul 2025 7:00 am,Term Sheet to Sell 75% of US Uranium Claims,https://www.lse.co.uk/rns/THR/term-sheet-to-sell-75-of-us-uranium-claims-im7502q1t9fda01.html,structured_fields_extracted,4,,True,,,Reserve,PEA,,,,,,radioactivity/radionuclide handling referenced,,,,,,London South East RNS mirror,Medium,RNS metallurgical testwork found; RNS resource confidence found: Reserve; RNS study stage found: PEA; RNS impurity/radioactivity evidence found,2026-05-17
THR,Thor Energy,31st Mar 2025 7:00 am,HY-Range Project Maiden Prospective Resource,https://www.lse.co.uk/rns/THR/hy-range-project-maiden-prospective-resource-20a09szuv3sro9g.html,structured_fields_extracted,5,,True,,,Reserve,PEA,,,,,,radioactivity/radionuclide handling referenced,,,,,metals/alloys/recycling,London South East RNS mirror,Medium,RNS metallurgical testwork found; RNS resource confidence found: Reserve; RNS study stage found: PEA; RNS impurity/radioactivity evidence found,2026-05-17
THR,Thor Energy,9th Dec 2024 7:00 am,Uranium Drilling,https://www.lse.co.uk/rns/THR/uranium-drilling-68wv4a86cmj7vjd.html,structured_fields_extracted,4,,True,,,Reserve,PEA,,,,,,radioactivity/radionuclide handling referenced,,,,,,London South East RNS mirror,Medium,RNS metallurgical testwork found; RNS resource confidence found: Reserve; RNS study stage found: PEA; RNS impurity/radioactivity evidence found,2026-05-17
TGR,Tirupati Graphite,5th May 2026 7:00 am,US Anode PFS,https://www.lse.co.uk/rns/TGR/us-anode-pfs-c7yj75xo71lk76t.html,structured_fields_extracted,4,,True,,,,DFS,,,,,,,,,,5506.0,concentrate route,London South East RNS mirror,Medium,RNS metallurgical testwork found; RNS study stage found: DFS,2026-05-17
TGR,Tirupati Graphite,1st May 2026 7:00 am,Mozambique Mining Projects Development Update,https://www.lse.co.uk/rns/TGR/mozambique-mining-projects-development-update-c2sts49nu2ram4w.html,structured_fields_extracted,8,,True,80.0,96.7,Reserve,DFS,,,,,,,,,42300000.0,337.0,concentrate route,London South East RNS mirror,Medium,RNS metallurgical testwork found; RNS recovery percentage found; RNS concentrate grade found; RNS resource confidence found: Reserve; RNS study stage found: DFS,2026-05-17
TGR,Tirupati Graphite,27th Apr 2026 7:00 am,Madagascar Operations and Production Update,https://www.lse.co.uk/rns/TGR/madagascar-operations-and-production-update-lx45nwcvapwirj9.html,structured_fields_extracted,2,,,,,,PEA,,,,,,,,,,,concentrate route,London South East RNS mirror,Medium,RNS study stage found: PEA,2026-05-17
TGR,Tirupati Graphite,13th Mar 2026 11:51 am,Final Results for year ended 31 March 2025,https://www.lse.co.uk/rns/TGR/final-results-for-year-ended-31-march-2025-4wr2ythrdvarkzt.html,structured_fields_extracted,3,,,,,Reserve,DFS,,,,,,,,,,,concentrate route,London South East RNS mirror,Medium,RNS resource confidence found: Reserve; RNS study stage found: DFS,2026-05-17
TGR,Tirupati Graphite,13th Mar 2026 11:51 am,Final Results for year ended 31 March 2025,https://www.lse.co.uk/rns/TGR/final-results-for-year-ended-31-march-2025-zjjadxw1pv5b70b.html,structured_fields_extracted,3,,,,,Reserve,DFS,,,,,,,,,,,concentrate route,London South East RNS mirror,Medium,RNS resource confidence found: Reserve; RNS study stage found: DFS,2026-05-17
TUN,Tungsten west,8th Apr 2026 7:00 am,Q1 2026 Project Update,https://www.lse.co.uk/rns/TUN/q1-2026-project-update-hehja2x3h8vf91k.html,structured_fields_extracted,2,,True,,,,,,,,,,,,,,,concentrate route,London South East RNS mirror,Medium,RNS metallurgical testwork found,2026-05-17
TUN,Tungsten west,16th Feb 2026 7:00 am,Project Update,https://www.lse.co.uk/rns/TUN/project-update-g6ukonhumh4jc31.html,structured_fields_extracted,2,,,,,,FEED,,,,,,,,,,,concentrate route,London South East RNS mirror,Medium,RNS study stage found: FEED,2026-05-17
TUN,Tungsten west,2nd Feb 2026 7:00 am,Project Update,https://www.lse.co.uk/rns/TUN/project-update-abd3e9afiuvrezb.html,structured_fields_extracted,2,,,,,,PEA,,,,,,,,,,,concentrate route,London South East RNS mirror,Medium,RNS study stage found: PEA,2026-05-17
URU,URU Metals Limited,23rd Dec 2025 7:00 am,Interim Results,https://www.lse.co.uk/rns/URU/interim-results-f4y03zpf2232fjw.html,structured_fields_extracted,1,,,,,,PEA,,,,,,,,,,,,London South East RNS mirror,Medium,RNS study stage found: PEA,2026-05-17
URU,URU Metals Limited,23rd Dec 2025 7:00 am,Interim Results,https://www.lse.co.uk/rns/URU/interim-results-fs5ucmu3k1xd5yz.html,structured_fields_extracted,1,,,,,,PEA,,,,,,,,,,,,London South East RNS mirror,Medium,RNS study stage found: PEA,2026-05-17
URU,URU Metals Limited,9th Dec 2025 7:00 am,Release of Updated Corporate Presentation,https://www.lse.co.uk/rns/URU/release-of-updated-corporate-presentation-07awvlsyqa1vij0.html,structured_fields_extracted,1,,,,,,,,,,,,,,,,,metals/alloys/recycling,London South East RNS mirror,Medium,Technical/project RNS found; structured fields require analyst review,2026-05-17
URU,URU Metals Limited,4th Nov 2025 7:00 am,Mining Right Granted and Executed for Zeb Nickel,https://www.lse.co.uk/rns/URU/mining-right-granted-and-executed-for-zeb-nickel-arioa11uu40dgp9.html,structured_fields_extracted,2,,,,,,PEA,,,,,,,,,,,metals/alloys/recycling,London South East RNS mirror,Medium,RNS study stage found: PEA,2026-05-17
URU,URU Metals Limited,30th Sep 2025 7:00 am,Final Results,https://www.lse.co.uk/rns/URU/final-results-8qhhv47fpfq09zg.html,structured_fields_extracted,1,,,,,,PEA,,,,,,,,,,,,London South East RNS mirror,Medium,RNS study stage found: PEA,2026-05-17
UMR,Unicorn Mineral Resources,20th Feb 2026 7:00 am,Increased Cu recovery in glycine leaching tests,https://www.lse.co.uk/rns/UMR/increased-cu-recovery-in-glycine-leaching-tests-1qlwx46dsqnamil.html,structured_fields_extracted,2,,True,,,,Concept,,,,,,,,,,,,London South East RNS mirror,Medium,RNS metallurgical testwork found; RNS study stage found: Concept,2026-05-17
UMR,Unicorn Mineral Resources,26th Jan 2026 7:00 am,Update on metallurgical testing at Klein Aub,https://www.lse.co.uk/rns/UMR/update-on-metallurgical-testing-at-klein-aub-qnu9xu7najtt57h.html,structured_fields_extracted,3,,True,70.0,,,,,,,,,,,,,,mixed rare earth carbonate,London South East RNS mirror,Medium,RNS metallurgical testwork found; RNS recovery percentage found,2026-05-17
UMR,Unicorn Mineral Resources,1st Aug 2025 7:30 am,Suspension - Unicorn Mineral Resources plc,https://www.lse.co.uk/rns/UMR/suspension-unicorn-mineral-resources-plc-cdsjx6yf6mxa6ld.html,structured_fields_extracted,1,,True,,,,,,,,,,,,,,,,London South East RNS mirror,Medium,RNS metallurgical testwork found,2026-05-17
YCA,Yellow Cake,17th Mar 2026 7:00 am,Delivery and Additional Purchase of Uranium,https://www.lse.co.uk/rns/YCA/delivery-and-additional-purchase-of-uranium-4urcwcqcvy1pjpp.html,structured_fields_extracted,2,,,,,,PEA,,,,,,radioactivity/radionuclide handling referenced,,,,,,London South East RNS mirror,Medium,RNS study stage found: PEA; RNS impurity/radioactivity evidence found,2026-05-17
YCA,Yellow Cake,17th Mar 2026 7:00 am,Delivery and Additional Purchase of Uranium,https://www.lse.co.uk/rns/YCA/delivery-and-additional-purchase-of-uranium-6knhd76c07f7gim.html,structured_fields_extracted,2,,,,,,PEA,,,,,,radioactivity/radionuclide handling referenced,,,,,,London South East RNS mirror,Medium,RNS study stage found: PEA; RNS impurity/radioactivity evidence found,2026-05-17
YCA,Yellow Cake,11th Feb 2026 5:29 pm,Proposed Uranium Purchase and New Share Placing,https://www.lse.co.uk/rns/YCA/proposed-uranium-purchase-and-new-share-placing-hz19w62rmlp32ao.html,structured_fields_extracted,3,,,,,,FEED,,,,,,radioactivity/radionuclide handling referenced,,,,,concentrate route,London South East RNS mirror,Medium,RNS study stage found: FEED; RNS impurity/radioactivity evidence found,2026-05-17
YCA,Yellow Cake,24th Sep 2025 7:00 am,Proposed Uranium Purchase and New Share Placing,https://www.lse.co.uk/rns/YCA/proposed-uranium-purchase-and-new-share-placing-dgwc670gzk54wrf.html,structured_fields_extracted,3,,,,,,PEA,,,,,,radioactivity/radionuclide handling referenced,,,,,concentrate route,London South East RNS mirror,Medium,RNS study stage found: PEA; RNS impurity/radioactivity evidence found,2026-05-17
ZIOC,Zanaga Iron Ore Company Limited,6th May 2026 7:00 am,Completion of DRI Process Plant Costing,https://www.lse.co.uk/rns/ZIOC/completion-of-dri-process-plant-costing-h7l034awm2qj1c2.html,structured_fields_extracted,5,,True,,,,FEED,,,,,,,,,2174.0,915.0,concentrate route,London South East RNS mirror,Medium,RNS metallurgical testwork found; RNS study stage found: FEED,2026-05-17
ZIOC,Zanaga Iron Ore Company Limited,13th Mar 2026 10:27 am,Recording of Strategic Investment Presentation,https://www.lse.co.uk/rns/ZIOC/recording-of-strategic-investment-presentation-wpdx2ot5nuxe8kr.html,structured_fields_extracted,2,,,,,,FEED,,,,,,,,,,,concentrate route,London South East RNS mirror,Medium,RNS study stage found: FEED,2026-05-17
ZIOC,Zanaga Iron Ore Company Limited,13th Mar 2026 10:27 am,Recording of Strategic Investment Presentation,https://www.lse.co.uk/rns/ZIOC/recording-of-strategic-investment-presentation-ezql1mc7165j563.html,structured_fields_extracted,2,,,,,,FEED,,,,,,,,,,,concentrate route,London South East RNS mirror,Medium,RNS study stage found: FEED,2026-05-17
ZIOC,Zanaga Iron Ore Company Limited,9th Mar 2026 7:00 am,Investor Presentation and Q&A,https://www.lse.co.uk/rns/ZIOC/investor-presentation-and-qa-tu65ktzrvjbeejn.html,structured_fields_extracted,2,,,,,,FEED,,,,,,,,,,,concentrate route,London South East RNS mirror,Medium,RNS study stage found: FEED,2026-05-17
ZIOC,Zanaga Iron Ore Company Limited,20th Feb 2026 9:58 am,Recording of Investor Presentation,https://www.lse.co.uk/rns/ZIOC/recording-of-investor-presentation-jcfu521asulvrih.html,structured_fields_extracted,2,,,,,,FEED,,,,,,,,,,,concentrate route,London South East RNS mirror,Medium,RNS study stage found: FEED,2026-05-17
ZNWD,Zinnwald Lithium,31st Mar 2026 7:00 am,Final Results,https://www.lse.co.uk/rns/ZNWD/final-results-sw8k6cqo9a2gpnk.html,structured_fields_extracted,5,,True,,,Reserve,DFS,,193.5,,,,,,,,,metals/alloys/recycling,London South East RNS mirror,Medium,RNS metallurgical testwork found; RNS resource tonnage found; RNS resource confidence found: Reserve; RNS study stage found: DFS,2026-05-17
ZNWD,Zinnwald Lithium,10th Nov 2025 7:00 am,Publication of ESIA Scoping Study,https://www.lse.co.uk/rns/ZNWD/publication-of-esia-scoping-study-0ue2scnr4o5bhs8.html,structured_fields_extracted,1,,,,,,FEED,,,,,,,,,,,,London South East RNS mirror,Medium,RNS study stage found: FEED,2026-05-17
ZNWD,Zinnwald Lithium,28th Apr 2025 7:00 am,New Corporate Presentation,https://www.lse.co.uk/rns/ZNWD/new-corporate-presentation-t86p3n65gbg8ggl.html,structured_fields_extracted,1,,,,,,PEA,,,,,,,,,,,,London South East RNS mirror,Medium,RNS study stage found: PEA,2026-05-17
ZNWD,Zinnwald Lithium,31st Mar 2025 7:00 am,PFS Delivers Robust Project Economics for Project,https://www.lse.co.uk/rns/ZNWD/pfs-delivers-robust-project-economics-for-project-i77vplnav7orh14.html,structured_fields_extracted,5,,True,,,Reserve,DFS,,,,,,,,,1048.0,9505.0,,London South East RNS mirror,Medium,RNS metallurgical testwork found; RNS resource confidence found: Reserve; RNS study stage found: DFS,2026-05-17
ZNWD,Zinnwald Lithium,10th Mar 2025 7:00 am,Final Results,https://www.lse.co.uk/rns/ZNWD/final-results-3byt7m4bx85fert.html,structured_fields_extracted,5,,True,,,Reserve,DFS,,25.0,,,,,,,,,metals/alloys/recycling,London South East RNS mirror,Medium,RNS metallurgical testwork found; RNS resource tonnage found; RNS resource confidence found: Reserve; RNS study stage found: DFS,2026-05-17
